index,score,true_label,pred_label
0,0.00066473824,0,1
1,0.00016088806,0,1
2,0.0010091861,0,1
3,0.0011872507,0,1
4,0.00085343036,0,1
5,0.0007192079,1,1
6,0.00022184491,0,1
7,0.00034577807,0,1
8,0.00046730466,0,1
9,0.00023672005,0,1
10,0.001308369,0,1
11,0.00088306365,0,1
12,0.00032074237,0,1
13,0.0005603018,1,1
14,0.00014449385,0,1
15,0.0004094163,0,1
16,0.00016763355,0,1
17,0.00023083438,0,1
18,0.0004102787,0,1
19,0.00023234668,0,1
20,0.00016056877,0,1
21,0.00053577404,0,1
22,0.00031303905,0,1
23,0.00036924263,0,1
24,0.00021354231,0,1
25,0.000227323,0,1
26,0.00066053215,0,1
27,0.00018308187,0,1
28,0.00066685985,0,1
29,0.00042196581,0,1
30,0.00019903645,0,1
31,0.0001413861,0,1
32,0.0007046853,0,1
33,7.752667e-05,0,0
34,0.0007704938,0,1
35,0.017994689,1,1
36,0.00076528336,0,1
37,0.00019251471,0,1
38,0.00031549088,0,1
39,0.0013404135,0,1
40,0.00027394397,0,1
41,0.0004632098,0,1
42,0.00018830637,0,1
43,0.00026474794,0,1
44,0.00066621363,1,1
45,0.00013813822,0,1
46,0.0009691786,0,1
47,0.00091605337,0,1
48,9.6634176e-05,0,0
49,0.0004452443,1,1
50,0.003073028,0,1
51,0.0005694537,0,1
52,0.00040488035,0,1
53,0.00013873135,0,1
54,0.00065709616,0,1
55,0.0008338183,0,1
56,0.00094285194,0,1
57,0.00066343835,0,1
58,0.0002625635,0,1
59,0.00029783495,0,1
60,0.0013563118,0,1
61,0.0003946629,0,1
62,0.0010213673,0,1
63,0.0005854233,0,1
64,0.0017741201,1,1
65,0.0002926124,0,1
66,0.0006742262,1,1
67,0.00047070236,0,1
68,0.0008830109,0,1
69,0.00016474981,0,1
70,0.00036830045,0,1
71,0.00018412965,0,1
72,0.00026509346,1,1
73,0.00024969204,0,1
74,0.00030550174,0,1
75,0.00076721294,0,1
76,0.00040504974,0,1
77,0.00022163417,0,1
78,0.00025644212,0,1
79,0.00025171065,0,1
80,8.824089e-05,0,0
81,0.00014480295,0,1
82,0.0001814892,0,1
83,0.00059554627,0,1
84,0.0025926614,0,1
85,0.0003369184,0,1
86,0.0010392023,0,1
87,0.0011705204,0,1
88,0.0006885422,0,1
89,0.00062820327,0,1
90,0.00017044047,0,1
91,0.0012072017,0,1
92,0.00041211417,0,1
93,0.00010139261,0,1
94,0.0002685903,0,1
95,0.00084564625,0,1
96,0.0007661786,0,1
97,0.00024322953,0,1
98,0.0002537183,0,1
99,0.00027423032,0,1
100,0.0008405753,0,1
101,0.00028767914,0,1
102,0.0013377438,0,1
103,0.00035981182,0,1
104,8.7849985e-05,0,0
105,0.00016715791,0,1
106,0.0004514453,0,1
107,0.00014251165,0,1
108,0.0006320883,0,1
109,0.00039809934,0,1
110,0.0005273808,0,1
111,0.00032529852,0,1
112,0.0005126136,0,1
113,0.0004665982,0,1
114,0.00031952967,0,1
115,0.00010017796,0,1
116,0.00084143947,0,1
117,0.00037655886,0,1
118,0.00013647848,0,1
119,0.00043987064,0,1
120,0.0009695681,0,1
121,0.0001553008,0,1
122,0.00044470472,0,1
123,0.0017125296,0,1
124,0.00014515185,0,1
125,0.00046114222,0,1
126,0.0003535755,0,1
127,0.00038443552,0,1
128,0.00030815086,0,1
129,0.00027839444,0,1
130,0.00027039112,0,1
131,0.0005509566,0,1
132,0.00037101225,0,1
133,0.00019585186,0,1
134,0.00023987115,0,1
135,0.0009059055,0,1
136,0.00033346855,0,1
137,0.00024319693,0,1
138,0.001244881,0,1
139,0.0010141178,0,1
140,0.00022535339,0,1
141,0.00021364064,0,1
142,0.0001564433,1,1
143,0.00029254952,0,1
144,9.874308e-05,0,1
145,0.0003702059,0,1
146,0.00058545324,0,1
147,0.0028348998,0,1
148,0.0006426505,0,1
149,0.00011775016,0,1
150,0.0013723443,0,1
151,0.00024915635,0,1
152,0.0023841737,0,1
153,0.0006758517,0,1
154,0.00048635885,0,1
155,0.0008115366,0,1
156,0.0023117466,0,1
157,0.00028030926,0,1
158,0.00012986705,0,1
159,0.002639254,0,1
160,0.00068024115,0,1
161,0.000103222024,1,1
162,0.00036232788,0,1
163,0.0007807588,0,1
164,0.00064004556,0,1
165,0.00030155008,0,1
166,0.0001808834,0,1
167,0.0004812075,0,1
168,0.000569346,0,1
169,0.001750237,0,1
170,0.00031027826,0,1
171,0.00048788334,0,1
172,0.00081285834,0,1
173,0.00023226379,0,1
174,0.00078112195,0,1
175,0.0002704045,0,1
176,0.0002242308,0,1
177,0.0014615948,0,1
178,0.00017620652,0,1
179,0.00026236151,0,1
180,0.00012453661,0,1
181,0.0009171703,0,1
182,0.0115592,1,1
183,0.0002749943,0,1
184,0.0005354027,0,1
185,0.00026278023,0,1
186,0.00030043983,0,1
187,0.00040724603,0,1
188,0.00022937928,0,1
189,0.0010773287,0,1
190,0.00020809849,0,1
191,0.00045240266,0,1
192,0.0002277474,0,1
193,0.0013436109,0,1
194,0.0004347245,0,1
195,0.0033850272,0,1
196,0.0014691052,0,1
197,0.0005078794,0,1
198,0.0002814639,0,1
199,0.00032026155,0,1
200,0.00039665104,0,1
201,0.00017904773,0,1
202,0.0010587119,1,1
203,0.00053132133,0,1
204,0.000299208,0,1
205,0.0013314142,0,1
206,0.00035573135,0,1
207,0.00029762438,0,1
208,0.0006064118,0,1
209,0.00035426783,0,1
210,0.0004277125,0,1
211,0.0012867794,0,1
212,0.00048392668,0,1
213,0.00016761679,0,1
214,0.00036674866,0,1
215,0.00018980895,0,1
216,0.00015972287,0,1
217,0.0001453232,0,1
218,0.00045729044,0,1
219,0.00027222798,0,1
220,0.0010389718,0,1
221,0.00019948054,0,1
222,0.000955231,0,1
223,0.0005516742,0,1
224,0.0011359182,0,1
225,0.0020696856,0,1
226,0.00015043799,0,1
227,0.00043901574,0,1
228,0.0003488003,0,1
229,0.0002606503,0,1
230,0.00012953003,0,1
231,0.000109973276,0,1
232,0.00026251998,1,1
233,0.0002331772,0,1
234,0.00035490387,0,1
235,0.00016049849,0,1
236,0.0010036493,0,1
237,0.00013973191,0,1
238,0.00025322638,0,1
239,0.0028843512,0,1
240,0.00026204452,0,1
241,0.00022432608,0,1
242,0.0016986498,0,1
243,0.003785465,0,1
244,0.0001729888,0,1
245,0.000638396,0,1
246,0.0005247608,0,1
247,0.0008662223,0,1
248,0.0010280728,0,1
249,0.0003180668,0,1
250,9.796998e-05,0,1
251,0.00016631592,0,1
252,0.0004337685,0,1
253,0.00018797514,0,1
254,0.00020838747,0,1
255,0.0020658188,0,1
256,0.00040052616,0,1
257,0.0010914141,0,1
258,0.00047777558,0,1
259,0.00030916245,1,1
260,0.0010025261,0,1
261,0.00018533567,0,1
262,0.00079287327,0,1
263,0.0015373225,0,1
264,0.00021534343,1,1
265,7.105092e-05,0,0
266,0.0014574301,0,1
267,0.00082520925,0,1
268,0.00040197125,0,1
269,0.0008181862,0,1
270,0.00027266724,0,1
271,0.0005338632,0,1
272,0.00023128711,0,1
273,0.00010349216,0,1
274,0.0002453595,0,1
275,0.00077555014,0,1
276,0.00023098882,0,1
277,0.00046626505,0,1
278,0.00010422965,0,1
279,0.00015665687,0,1
280,0.00048106714,0,1
281,0.00078995194,0,1
282,0.00058222364,0,1
283,0.0014083436,0,1
284,0.00023643537,0,1
285,0.000697212,0,1
286,0.00018053073,0,1
287,0.00037445544,0,1
288,0.081557065,0,1
289,0.00032667303,0,1
290,0.000576291,0,1
291,0.00015025238,0,1
292,0.00022924734,0,1
293,0.00029471065,0,1
294,0.0008948252,0,1
295,0.0003485827,0,1
296,0.003895815,0,1
297,0.000104795516,0,1
298,0.00053737813,0,1
299,0.00040997425,0,1
300,0.0011883246,0,1
301,0.00056050834,0,1
302,0.0003368588,0,1
303,0.0016741633,0,1
304,0.00037840096,0,1
305,8.684234e-05,0,0
306,0.00014093859,0,1
307,0.00039651315,0,1
308,0.0013813428,1,1
309,0.00028478177,0,1
310,0.00053843984,0,1
311,0.0002356415,0,1
312,0.00026870792,0,1
313,0.00083747343,0,1
314,0.00093075744,0,1
315,0.00054826017,0,1
316,0.0001556889,0,1
317,0.0007369759,0,1
318,0.0004535102,0,1
319,0.00081333565,0,1
320,0.00016393236,0,1
321,0.00058703637,0,1
322,0.00023139665,0,1
323,0.00021233779,0,1
324,0.00014563103,0,1
325,0.00042005,0,1
326,0.00010581222,0,1
327,0.00084082806,0,1
328,0.0005352791,0,1
329,8.162255e-05,0,0
330,0.0012064979,0,1
331,0.00019413434,0,1
332,0.0014225768,0,1
333,0.00028917554,0,1
334,0.0004819071,0,1
335,0.00015123283,0,1
336,0.0005796158,0,1
337,0.0008455652,0,1
338,0.00030818878,0,1
339,0.00022931455,0,1
340,0.00056160125,0,1
341,0.00092138315,0,1
342,0.0008064071,0,1
343,0.00028929388,0,1
344,0.00014492756,0,1
345,0.0005912534,0,1
346,0.00036023094,0,1
347,0.00037043093,0,1
348,0.00047481267,0,1
349,0.0002243749,0,1
350,0.0003536811,0,1
351,0.0013195025,0,1
352,0.0002047079,0,1
353,0.00014699111,0,1
354,0.0005693633,0,1
355,0.00036977255,0,1
356,0.00017896184,0,1
357,0.00062085304,0,1
358,0.0060373023,0,1
359,0.0019874484,0,1
360,0.00013683709,0,1
361,0.00028812344,0,1
362,0.000527028,0,1
363,0.0014988203,1,1
364,0.00013549502,0,1
365,0.0008797707,0,1
366,0.00035889656,0,1
367,0.00053647824,0,1
368,6.016461e-05,0,0
369,0.00094910024,0,1
370,0.00028371782,0,1
371,0.00024282967,0,1
372,0.0006309888,0,1
373,0.00070733327,0,1
374,0.00017168312,0,1
375,0.00088051066,0,1
376,0.0010473622,0,1
377,0.00061899354,0,1
378,0.0007455478,0,1
379,0.00077412196,0,1
380,0.00044977467,0,1
381,0.00015959627,0,1
382,0.00017890024,0,1
383,0.00030951793,0,1
384,0.00047957498,0,1
385,0.00031513386,0,1
386,0.00017414536,0,1
387,0.0001557196,0,1
388,0.00018178743,0,1
389,0.00036248856,0,1
390,0.0007287074,0,1
391,0.00016490323,0,1
392,0.00050234806,0,1
393,0.00021979547,0,1
394,0.00020849527,0,1
395,0.00048210967,0,1
396,0.1047522,0,1
397,0.00039744767,0,1
398,0.00093646813,0,1
399,0.0013953994,0,1
400,0.00030100066,0,1
401,0.0002293723,0,1
402,0.00064290874,0,1
403,0.00049344054,0,1
404,0.00011222336,0,1
405,9.7889264e-05,0,1
406,0.00017562983,0,1
407,0.00091431296,0,1
408,0.0007964697,0,1
409,0.003965355,0,1
410,0.00010188886,0,1
411,0.0003704596,0,1
412,0.00080295757,0,1
413,0.0003495076,0,1
414,0.00043077627,0,1
415,0.00023056679,0,1
416,0.0003687123,0,1
417,0.00051926146,0,1
418,0.00022250487,0,1
419,0.00022438273,0,1
420,0.0011940441,0,1
421,0.00034877344,0,1
422,0.0014248835,0,1
423,0.000119286786,0,1
424,0.0002587351,0,1
425,0.00020949575,0,1
426,0.00017732967,0,1
427,0.0015672919,0,1
428,0.0019715931,0,1
429,7.637949e-05,0,0
430,0.0002766817,0,1
431,0.00026376688,0,1
432,0.0019137189,0,1
433,0.0018135053,0,1
434,0.0008410753,0,1
435,0.0005848419,0,1
436,0.0001467354,0,1
437,0.0016048799,0,1
438,0.00087365543,0,1
439,0.00016111616,0,1
440,0.00012800824,0,1
441,0.0010718736,0,1
442,0.0029177535,0,1
443,0.00031073234,0,1
444,0.0023866391,0,1
445,0.0016424148,0,1
446,0.00073738804,0,1
447,0.00038378587,0,1
448,0.00018801818,0,1
449,0.00019509294,0,1
450,0.00020953763,0,1
451,0.00046045118,0,1
452,0.00041166827,0,1
453,0.00020953885,0,1
454,0.00064587407,0,1
455,0.0006974666,0,1
456,0.00089180877,0,1
457,0.00029614495,0,1
458,0.0007453383,0,1
459,0.0009125322,0,1
460,0.00015105179,0,1
461,0.0013250678,0,1
462,0.0001292243,0,1
463,0.0004694751,0,1
464,0.00022752117,0,1
465,0.00018522673,0,1
466,0.00060586276,0,1
467,0.00019985496,0,1
468,0.00082579337,0,1
469,0.00030772077,0,1
470,0.00046236176,0,1
471,0.00043072668,0,1
472,0.0012835116,0,1
473,0.0009397755,0,1
474,0.0013300123,0,1
475,0.0024843162,0,1
476,0.0003458803,0,1
477,0.00016768544,0,1
478,0.00089470355,0,1
479,0.00018930959,0,1
480,0.00029298724,0,1
481,0.0002950449,0,1
482,0.0049276096,0,1
483,0.0009257739,0,1
484,0.0011800944,1,1
485,0.00047633858,0,1
486,0.0010465649,0,1
487,0.00018813967,0,1
488,0.00032670534,0,1
489,0.0027576569,0,1
490,0.0012108246,0,1
491,0.0007816756,0,1
492,0.0008603291,0,1
493,0.00079267763,0,1
494,7.667851e-05,0,0
495,0.0018847644,0,1
496,0.00035095314,0,1
497,0.00059357984,0,1
498,0.0006684669,0,1
499,0.00023923276,0,1
500,0.00038953728,0,1
501,0.0007445829,0,1
502,0.0004534601,0,1
503,0.0009842608,0,1
504,0.00020376992,0,1
505,0.0013915531,0,1
506,0.0001469613,0,1
507,0.00018384021,0,1
508,0.00018549574,0,1
509,0.0035307552,0,1
510,0.00041011814,0,1
511,0.00048951723,0,1
512,0.00046033546,0,1
513,0.00013234632,0,1
514,0.0007012524,0,1
515,0.00036959734,0,1
516,0.0009556803,0,1
517,0.0008282311,0,1
518,0.00039479302,0,1
519,0.00090531947,0,1
520,0.00020338052,0,1
521,0.00014009576,0,1
522,0.0003787436,0,1
523,0.00039142783,0,1
524,0.0007433962,0,1
525,0.0007199439,0,1
526,0.00013337139,0,1
527,0.00047788478,0,1
528,0.000116032505,0,1
529,0.00017252218,0,1
530,0.0011958312,0,1
531,0.0003898595,0,1
532,0.0010894175,0,1
533,0.0003757393,0,1
534,0.0001169473,0,1
535,0.00022897159,0,1
536,0.0003036566,1,1
537,0.00023668139,0,1
538,0.0005403083,0,1
539,0.00011169205,1,1
540,0.0003412374,0,1
541,0.00049470505,0,1
542,8.601127e-05,0,0
543,0.050669387,1,1
544,0.00025163364,0,1
545,0.0006769217,0,1
546,0.0011778288,0,1
547,0.00032307638,0,1
548,0.0009427466,0,1
549,0.0009976309,0,1
550,0.00026743574,0,1
551,0.00066593953,0,1
552,0.00063406234,0,1
553,0.0006533533,0,1
554,0.0002950778,0,1
555,0.0001431108,0,1
556,8.745798e-05,0,0
557,0.000588295,0,1
558,0.00018459589,0,1
559,0.0010941001,0,1
560,0.00015026538,0,1
561,0.00036175075,0,1
562,0.0009879947,0,1
563,0.00010603987,0,1
564,0.0003914761,0,1
565,0.00045741544,0,1
566,0.00057402987,0,1
567,0.00040310697,0,1
568,0.00025238778,0,1
569,0.00083291915,0,1
570,0.00052667886,0,1
571,0.00028665044,0,1
572,0.0004283005,0,1
573,0.0013170339,0,1
574,0.00023702471,0,1
575,0.0015821578,0,1
576,0.00047567097,0,1
577,0.0005748068,0,1
578,0.0007160348,0,1
579,0.00071705255,0,1
580,0.0024628513,0,1
581,0.00010256417,0,1
582,0.0004560626,0,1
583,0.00014101526,0,1
584,0.00043793838,0,1
585,0.00046656912,0,1
586,0.00011238368,0,1
587,0.0010445428,0,1
588,0.0005007896,0,1
589,0.0005283712,0,1
590,0.00044470478,0,1
591,0.010197127,1,1
592,0.00023148995,0,1
593,0.001242435,0,1
594,0.000275899,0,1
595,0.00022378651,0,1
596,0.00010358954,0,1
597,0.0004642919,0,1
598,0.00035546225,0,1
599,0.0004570212,0,1
600,0.00034052355,0,1
601,0.00038083113,0,1
602,0.0007678274,0,1
603,0.00010582013,0,1
604,0.00022386959,0,1
605,0.00048365167,0,1
606,0.00022768075,0,1
607,0.000105752864,0,1
608,0.0006052075,0,1
609,0.000298388,0,1
610,0.00066073856,0,1
611,0.0004700515,0,1
612,0.0008361995,0,1
613,0.00041895133,0,1
614,0.0012458663,0,1
615,0.0003073043,0,1
616,0.00029270974,0,1
617,0.0004566112,0,1
618,0.0003650426,0,1
619,0.0013777104,0,1
620,0.0011177787,0,1
621,0.00012548201,0,1
622,0.00088773767,0,1
623,0.00052210776,0,1
624,0.00038187782,0,1
625,0.001334996,0,1
626,0.00014128974,0,1
627,0.0014919877,0,1
628,0.00038428,0,1
629,0.0010463921,0,1
630,0.0001807437,0,1
631,0.0003842156,0,1
632,0.00038521568,0,1
633,0.000640646,0,1
634,0.00050908537,0,1
635,0.0004987165,0,1
636,0.00034501412,1,1
637,0.0021464755,0,1
638,0.0008442757,0,1
639,0.00013984094,0,1
640,0.0027745473,0,1
641,0.00014147922,0,1
642,0.0009788661,0,1
643,0.00016791165,0,1
644,0.00059899595,0,1
645,0.0006653336,0,1
646,0.002555438,0,1
647,0.001382152,0,1
648,0.0007216117,0,1
649,0.00018253885,0,1
650,0.00016425169,0,1
651,0.0002268108,0,1
652,0.00013288362,0,1
653,0.0006286026,0,1
654,0.000117769174,0,1
655,0.00033547654,0,1
656,8.533867e-05,0,0
657,0.0017970965,0,1
658,0.00031230255,0,1
659,0.00095244346,0,1
660,0.00029178464,0,1
661,0.0010714857,0,1
662,9.124461e-05,0,0
663,0.00028804803,0,1
664,0.00079565635,0,1
665,0.0006415263,0,1
666,0.00046172785,0,1
667,0.0012420893,0,1
668,0.0002772959,0,1
669,0.00020876962,0,1
670,0.0017532476,0,1
671,0.0012174108,0,1
672,0.0002484958,0,1
673,0.000523297,0,1
674,0.00022367985,0,1
675,0.00044110735,0,1
676,0.00015859869,0,1
677,0.00041647977,0,1
678,0.00027336477,0,1
679,0.00025112447,0,1
680,0.00028316796,0,1
681,0.0004299016,0,1
682,0.0006486982,0,1
683,0.0007797089,0,1
684,0.00068774936,0,1
685,0.00048012397,0,1
686,0.00046561862,0,1
687,0.0008744284,0,1
688,0.0002791404,0,1
689,0.0002719437,0,1
690,0.007268981,0,1
691,0.0010594217,0,1
692,0.005227495,1,1
693,0.001006817,0,1
694,0.00024522474,0,1
695,0.0008186314,0,1
696,0.00042544585,0,1
697,0.00036830333,0,1
698,0.00018704859,0,1
699,0.00016413556,0,1
700,0.0012860235,0,1
701,5.6907415e-05,0,0
702,0.0012501332,0,1
703,0.0011251024,0,1
704,0.00037681224,0,1
705,0.00047670145,0,1
706,0.0008653898,0,1
707,0.0005083713,0,1
708,0.00029604655,0,1
709,0.00013212077,0,1
710,0.0013106266,0,1
711,0.00024093485,0,1
712,0.00010085778,0,1
713,0.000375717,0,1
714,0.0015025493,0,1
715,0.00018238512,0,1
716,0.0024757376,0,1
717,0.00029102416,0,1
718,0.0005564636,0,1
719,0.00016468175,0,1
720,0.00026355585,0,1
721,0.0010415253,0,1
722,0.0001886572,0,1
723,0.0023489005,0,1
724,0.00015766738,0,1
725,0.0001625248,0,1
726,0.0004528117,0,1
727,0.00097132975,0,1
728,0.0006476892,0,1
729,0.00058805756,0,1
730,0.00018456894,0,1
731,0.00016335117,0,1
732,0.00040516563,0,1
733,0.0007393231,0,1
734,0.0009007872,0,1
735,0.00038297533,0,1
736,0.000317164,0,1
737,6.799043e-05,0,0
738,0.00022013253,0,1
739,0.0010191996,0,1
740,0.00013218325,0,1
741,0.0002457676,0,1
742,0.0009797424,0,1
743,0.0002664525,0,1
744,0.00045488388,0,1
745,0.00070337905,0,1
746,0.00037289198,0,1
747,0.00076945376,0,1
748,0.0028284765,0,1
749,0.0002584204,0,1
750,0.00010471091,1,1
751,0.0003880219,0,1
752,0.00030789402,0,1
753,0.00084182457,0,1
754,0.00045478833,0,1
755,0.00019936057,0,1
756,0.00057579076,0,1
757,0.0016191124,0,1
758,0.0002701186,0,1
759,0.00036109294,0,1
760,0.00021746254,0,1
761,0.0007681544,1,1
762,0.00016902707,0,1
763,0.00020393703,0,1
764,0.00052922196,0,1
765,0.00020872598,0,1
766,0.0014064972,0,1
767,0.0003751107,0,1
768,0.00018357989,0,1
769,0.0007619811,0,1
770,0.0002462754,0,1
771,0.00043375962,0,1
772,7.834274e-05,0,0
773,0.00051033276,0,1
774,9.656888e-05,0,0
775,0.00023214608,0,1
776,0.0023371903,1,1
777,8.758357e-05,0,0
778,0.00011967281,0,1
779,0.0017427348,0,1
780,0.0008451124,0,1
781,0.0006348437,0,1
782,0.0003569416,0,1
783,0.0006056009,0,1
784,0.0015162334,0,1
785,0.0006781729,0,1
786,0.0016010647,0,1
787,0.0003405157,0,1
788,0.0006650117,0,1
789,0.001331501,0,1
790,0.0011134788,1,1
791,0.00061612873,0,1
792,9.599497e-05,0,0
793,0.0008354649,0,1
794,0.00062115624,0,1
795,0.00078934454,0,1
796,0.00052682834,0,1
797,0.0015979443,0,1
798,0.00052034686,0,1
799,0.00025066113,0,1
800,0.00044334738,0,1
801,0.0029470844,0,1
802,0.00022298387,0,1
803,0.0003698426,0,1
804,0.00021887406,0,1
805,0.00038518338,0,1
806,0.00025069166,0,1
807,0.00021446304,0,1
808,0.0005290254,0,1
809,0.00067607523,0,1
810,0.00048010505,0,1
811,0.00081886456,0,1
812,0.0009898773,0,1
813,0.0014988651,0,1
814,0.00064500724,0,1
815,9.8337405e-05,0,1
816,0.0011376948,0,1
817,0.00030186938,0,1
818,0.0019087394,0,1
819,0.00024187805,0,1
820,0.00031739054,0,1
821,0.0018488956,1,1
822,0.022330444,1,1
823,0.004213245,0,1
824,0.00034930976,0,1
825,0.0003312261,0,1
826,0.0021839822,0,1
827,0.00079396483,0,1
828,0.0003774269,0,1
829,0.00043108288,0,1
830,0.0035984083,0,1
831,0.0006202146,0,1
832,0.0013773318,0,1
833,0.0008369976,0,1
834,0.0011108137,0,1
835,0.0008702766,0,1
836,0.0004712263,0,1
837,0.00045955408,0,1
838,0.0012899598,0,1
839,0.0002526823,0,1
840,0.00020956888,0,1
841,0.000501379,0,1
842,0.00020663127,0,1
843,0.0012289052,0,1
844,0.0012330688,0,1
845,0.00032418064,0,1
846,0.00019547054,0,1
847,0.00018080111,1,1
848,0.0008156332,0,1
849,0.0004117675,0,1
850,0.000351882,0,1
851,0.00022829308,0,1
852,0.000104916835,0,1
853,0.00038548151,0,1
854,0.0004439507,0,1
855,0.00018658997,0,1
856,0.0030850065,0,1
857,0.00017472837,0,1
858,0.0008684023,0,1
859,0.0014351485,0,1
860,0.0016545588,0,1
861,9.6907446e-05,0,0
862,0.00011238109,0,1
863,0.00031910863,0,1
864,0.00015021968,0,1
865,0.0006667931,0,1
866,0.00041961682,0,1
867,0.00046616187,1,1
868,0.000959644,0,1
869,0.00080836477,0,1
870,0.00020523233,0,1
871,0.00051341904,0,1
872,0.00016680124,0,1
873,0.00028254482,0,1
874,0.00028159627,0,1
875,7.1884475e-05,0,0
876,0.0005783333,0,1
877,0.00045964812,0,1
878,0.000414635,0,1
879,0.00063527306,0,1
880,0.0013826012,0,1
881,9.282539e-05,0,0
882,0.00026655098,0,1
883,0.0007419241,0,1
884,0.0003692155,0,1
885,0.00030365173,0,1
886,0.0004995979,0,1
887,0.0005109995,0,1
888,0.00336437,0,1
889,0.00020673408,0,1
890,0.00056360755,0,1
891,0.0003047742,0,1
892,0.0004832908,0,1
893,0.0003375126,0,1
894,0.00055776647,0,1
895,0.00021575866,0,1
896,0.00021056883,0,1
897,0.00019065759,0,1
898,0.0002778411,0,1
899,0.00023243921,0,1
900,0.0008619838,0,1
901,0.00053066283,0,1
902,0.00034114145,1,1
903,0.000506319,0,1
904,0.00019434233,0,1
905,0.00017846312,0,1
906,0.0005825684,0,1
907,0.0008703412,0,1
908,0.0014682657,0,1
909,0.00044793525,0,1
910,0.0004195209,0,1
911,0.0006354082,0,1
912,0.00029703192,0,1
913,0.0002697102,0,1
914,0.00031235727,0,1
915,0.00011309281,0,1
916,0.00029357747,0,1
917,0.00035583953,0,1
918,0.00029297924,0,1
919,0.00036796855,0,1
920,0.00012847909,0,1
921,0.001800289,0,1
922,0.0006880865,0,1
923,0.00031030783,0,1
924,0.00051016704,0,1
925,0.00071554165,0,1
926,5.9155882e-05,0,0
927,0.00033368747,0,1
928,0.00037697938,0,1
929,0.00027325161,0,1
930,0.0037562856,1,1
931,0.0012295227,0,1
932,0.00078644155,0,1
933,0.00031035487,0,1
934,0.00019078521,0,1
935,0.0004218702,0,1
936,0.0001977034,0,1
937,0.0008354675,0,1
938,0.0007579667,0,1
939,0.00014749377,0,1
940,0.0005617344,0,1
941,0.00018893788,0,1
942,0.000936911,0,1
943,0.00040920137,0,1
944,0.0002410117,1,1
945,0.001048466,0,1
946,0.00085148844,0,1
947,0.0006859408,0,1
948,0.0002295109,0,1
949,0.0002432985,0,1
950,0.00067183736,0,1
951,0.00044114835,0,1
952,0.0005845084,0,1
953,0.00038605172,0,1
954,0.00050529593,0,1
955,0.0013241156,0,1
956,0.0009665692,0,1
957,0.0026600547,0,1
958,0.00013341155,0,1
959,0.00072742096,0,1
960,0.0034726972,0,1
961,6.467896e-05,0,0
962,0.00023274761,0,1
963,0.0012062173,0,1
964,0.00053037546,0,1
965,0.0007514548,0,1
966,0.0005024321,0,1
967,0.0013577829,0,1
968,0.00032360567,0,1
969,0.00038426838,0,1
970,0.00019403953,0,1
971,0.000871905,0,1
972,0.0006643235,0,1
973,0.00023923564,0,1
974,0.0010960845,0,1
975,0.000629556,0,1
976,0.00031724115,1,1
977,0.00040873798,0,1
978,0.0006043791,0,1
979,0.0007695763,0,1
980,0.0007185965,0,1
981,0.0013139574,0,1
982,0.00023646967,0,1
983,0.00011415752,0,1
984,0.00051558466,0,1
985,0.00034127076,0,1
986,0.00019248584,0,1
987,0.00044078665,0,1
988,0.000118649376,0,1
989,0.0002742918,0,1
990,0.0003016674,0,1
991,0.00018745988,0,1
992,0.0025639366,1,1
993,0.0003901011,0,1
994,0.0001721769,0,1
995,0.00046963504,0,1
996,0.0002107848,0,1
997,0.00047382872,0,1
998,0.0006094904,0,1
999,0.0001340057,0,1
1000,0.00029571884,0,1
1001,0.00033686296,0,1
1002,0.0017649546,1,1
1003,0.00070752273,0,1
1004,0.0010597041,0,1
1005,0.00019417264,0,1
1006,0.00038541527,0,1
1007,0.00035471912,0,1
1008,0.00038085488,0,1
1009,0.00040788093,0,1
1010,0.0006621106,0,1
1011,0.00017695759,0,1
1012,0.00015097021,0,1
1013,0.00017813634,0,1
1014,0.00044584862,0,1
1015,0.0005760517,0,1
1016,0.00041796867,0,1
1017,0.0005619919,0,1
1018,0.00066587573,0,1
1019,0.0009034743,0,1
1020,0.0006639422,0,1
1021,0.0004607276,0,1
1022,0.00029725413,0,1
1023,0.00025939054,0,1
1024,0.00013319222,0,1
1025,0.00059255335,0,1
1026,0.00018616303,0,1
1027,0.002547906,0,1
1028,0.00027764734,0,1
1029,0.0009660567,0,1
1030,0.00020016602,0,1
1031,0.00042548668,0,1
1032,0.00015694115,0,1
1033,0.0012158727,0,1
1034,0.00035650592,0,1
1035,0.00028766302,0,1
1036,0.00015308232,0,1
1037,0.00080656854,0,1
1038,0.0002184193,0,1
1039,0.000345212,0,1
1040,0.00021604844,0,1
1041,0.0011030223,0,1
1042,0.00066559797,0,1
1043,0.00029592015,0,1
1044,0.00048738957,0,1
1045,0.00014815023,0,1
1046,0.00051414315,0,1
1047,0.000664191,1,1
1048,0.0004680446,0,1
1049,0.0016876862,0,1
1050,0.0010642244,0,1
1051,0.00095855584,0,1
1052,0.0014926272,0,1
1053,0.00018747343,0,1
1054,0.0008875518,0,1
1055,0.00025452164,0,1
1056,0.0011648783,0,1
1057,0.0011178164,0,1
1058,0.000808204,0,1
1059,0.00087172457,0,1
1060,0.00035184508,0,1
1061,0.004013864,1,1
1062,0.0002520614,0,1
1063,0.00015790036,0,1
1064,0.00062948035,0,1
1065,0.00010518647,0,1
1066,0.00096817245,0,1
1067,0.0003097677,0,1
1068,0.002349813,0,1
1069,0.00040786545,0,1
1070,0.0005225913,0,1
1071,0.00010415366,0,1
1072,0.00022451379,0,1
1073,0.00033637302,0,1
1074,0.0003170098,0,1
1075,0.00019527176,0,1
1076,0.0008246524,0,1
1077,0.000103822545,0,1
1078,0.0007361568,0,1
1079,0.00020002245,0,1
1080,0.00017957154,0,1
1081,0.00089957577,0,1
1082,0.0006717368,0,1
1083,0.00020624817,0,1
1084,0.00024879744,0,1
1085,0.00019234048,0,1
1086,0.000115591014,1,1
1087,7.772681e-05,0,0
1088,0.00015319813,0,1
1089,0.00074937905,0,1
1090,0.00043099155,0,1
1091,0.0010581475,0,1
1092,0.0002589139,0,1
1093,0.0004971825,0,1
1094,0.0003493005,0,1
1095,0.00026372104,0,1
1096,0.0004979286,0,1
1097,0.000119158234,0,1
1098,0.0005843699,0,1
1099,0.0002608323,0,1
1100,0.0002627565,0,1
1101,0.0016101499,0,1
1102,0.001680878,0,1
1103,0.00026996707,0,1
1104,0.0003331633,0,1
1105,0.0004837325,0,1
1106,0.00035676447,0,1
1107,0.00034890935,0,1
1108,0.00070144376,0,1
1109,0.00033099367,0,1
1110,0.00019433108,0,1
1111,0.00043565893,0,1
1112,0.00067351805,0,1
1113,0.00025225902,0,1
1114,0.0029049371,1,1
1115,0.00019119555,0,1
1116,0.0016106365,0,1
1117,0.00017543478,0,1
1118,0.0004911005,0,1
1119,0.00028699054,0,1
1120,0.0018932399,0,1
1121,0.00091594877,0,1
1122,0.00028756197,0,1
1123,0.001311648,0,1
1124,0.00016236294,0,1
1125,0.0002419203,0,1
1126,0.00014598928,0,1
1127,0.0028289955,0,1
1128,0.0019202975,0,1
1129,0.0007540438,0,1
1130,0.0003564189,0,1
1131,0.008428112,1,1
1132,0.0009844417,1,1
1133,0.0002551496,0,1
1134,0.00014900093,0,1
1135,0.0007132294,0,1
1136,0.00021404366,0,1
1137,0.0007388893,0,1
1138,0.00024767942,0,1
1139,0.00041343787,0,1
1140,0.0002938868,0,1
1141,0.0009924424,0,1
1142,0.00052601495,0,1
1143,0.0013290102,0,1
1144,0.00068039785,0,1
1145,0.00025006864,0,1
1146,0.00015260675,0,1
1147,0.00074446236,1,1
1148,0.0005942249,0,1
1149,0.0017383065,0,1
1150,0.0012499052,0,1
1151,0.00014718014,0,1
1152,0.00086621934,0,1
1153,0.001929415,0,1
1154,0.0004274858,0,1
1155,0.0014924144,1,1
1156,0.00030813273,0,1
1157,0.0007162974,0,1
1158,0.0004796273,0,1
1159,0.0002463247,0,1
1160,0.00017250297,0,1
1161,0.00055672385,0,1
1162,0.00018281252,0,1
1163,0.00028403348,0,1
1164,0.00035035444,0,1
1165,0.0007052056,0,1
1166,0.00022197116,0,1
1167,0.00018398356,0,1
1168,0.00024731364,0,1
1169,0.00038537948,0,1
1170,0.00091560255,0,1
1171,0.003317642,0,1
1172,0.00029893583,0,1
1173,0.00072077214,0,1
1174,0.00086461945,0,1
1175,0.000577349,0,1
1176,0.0003655777,0,1
1177,0.00046092935,0,1
1178,0.00049597723,0,1
1179,0.00044334534,0,1
1180,0.0016684486,1,1
1181,0.000110292414,0,1
1182,9.136192e-05,0,0
1183,0.0004172878,0,1
1184,0.0006698818,0,1
1185,0.00085200527,0,1
1186,0.0008978487,0,1
1187,0.0006169435,0,1
1188,0.00018537948,0,1
1189,0.0003105987,1,1
1190,0.00045906028,0,1
1191,0.00021134302,0,1
1192,0.0005113893,0,1
1193,0.00013798603,0,1
1194,0.00038838809,0,1
1195,0.0001043325,0,1
1196,0.00017966276,0,1
1197,0.0012046178,0,1
1198,0.00028378633,0,1
1199,0.00041182715,0,1
1200,0.00018777378,0,1
1201,0.00015806625,0,1
1202,0.00034346027,0,1
1203,0.00032946008,0,1
1204,0.00075714174,0,1
1205,0.0002715743,0,1
1206,0.00050508766,0,1
1207,0.0012287641,0,1
1208,0.0012893153,0,1
1209,0.00046769984,0,1
1210,0.0012743049,0,1
1211,0.00077793514,0,1
1212,0.0005694856,0,1
1213,0.00045435285,0,1
1214,0.0003597457,0,1
1215,9.558845e-05,0,0
1216,0.00025534668,0,1
1217,0.00056536455,0,1
1218,0.0002785017,0,1
1219,0.0011945772,0,1
1220,0.0007404396,0,1
1221,0.000280209,0,1
1222,0.00047696166,0,1
1223,0.00027476985,0,1
1224,0.00022922785,0,1
1225,0.00035730202,0,1
1226,8.0452824e-05,0,0
1227,0.0014267619,0,1
1228,0.00017605367,0,1
1229,0.0008729947,0,1
1230,0.00010981389,0,1
1231,0.000112761525,0,1
1232,0.00029895786,1,1
1233,0.0005625251,0,1
1234,0.0012030707,0,1
1235,0.00043767618,0,1
1236,0.00048483064,0,1
1237,0.00017391471,0,1
1238,0.0005853863,0,1
1239,0.0006562056,0,1
1240,0.00075293425,0,1
1241,0.00076796545,1,1
1242,0.000108388,0,1
1243,0.000955247,0,1
1244,0.0010274681,0,1
1245,0.0007079559,0,1
1246,0.00029110943,0,1
1247,0.00024239667,0,1
1248,0.0005632719,0,1
1249,0.0001956349,0,1
1250,0.00022125994,0,1
1251,0.000497436,0,1
1252,0.00018892786,0,1
1253,0.00026236553,0,1
1254,0.0015791734,0,1
1255,0.00015335302,0,1
1256,0.00054628856,0,1
1257,0.00071498693,0,1
1258,0.00025931062,0,1
1259,0.0010415041,0,1
1260,0.0020122891,0,1
1261,0.0005180454,0,1
1262,9.104627e-05,0,0
1263,0.00066367816,0,1
1264,0.0013357975,0,1
1265,0.00033973262,0,1
1266,0.00034147658,0,1
1267,0.0019302727,0,1
1268,0.00012633091,0,1
1269,0.0002578057,0,1
1270,0.0017202069,0,1
1271,0.0005952378,1,1
1272,0.00047743766,0,1
1273,0.00048538073,0,1
1274,0.0035335624,0,1
1275,0.00089021167,0,1
1276,0.00051900686,0,1
1277,0.000212517,0,1
1278,0.000343207,0,1
1279,0.0003265816,0,1
1280,0.0038654436,0,1
1281,0.0005504924,0,1
1282,0.00028556402,1,1
1283,0.00021480655,0,1
1284,0.00048296445,0,1
1285,0.00010382378,0,1
1286,0.000639652,1,1
1287,0.00024488187,0,1
1288,0.0007811186,0,1
1289,0.0011453168,0,1
1290,0.00026269525,0,1
1291,0.0005957143,0,1
1292,0.0008216618,0,1
1293,0.0008578717,1,1
1294,0.008901467,1,1
1295,0.00034581643,0,1
1296,0.0014748694,0,1
1297,0.00015197443,0,1
1298,0.0026380282,1,1
1299,0.00028058197,0,1
1300,0.0003523765,0,1
1301,0.0005058944,0,1
1302,0.0005828312,0,1
1303,0.00046150642,0,1
1304,0.001241708,0,1
1305,0.00018215418,0,1
1306,0.00023997875,0,1
1307,0.0005789553,0,1
1308,0.00091815216,0,1
1309,0.0004495331,0,1
1310,0.0011181349,0,1
1311,0.0007015059,0,1
1312,0.0004861648,0,1
1313,0.0004898153,0,1
1314,0.00012036809,0,1
1315,8.012695e-05,0,0
1316,0.0003888338,0,1
1317,0.00017312268,0,1
1318,0.00093426794,0,1
1319,7.906584e-05,0,0
1320,0.00019785823,0,1
1321,0.00037294012,0,1
1322,0.00086242624,0,1
1323,0.00040217378,0,1
1324,0.00070529454,0,1
1325,0.0014398806,0,1
1326,0.00025806247,0,1
1327,0.0007294579,0,1
1328,0.00022391096,0,1
1329,0.00024892215,0,1
1330,0.0003076688,0,1
1331,0.00014793986,0,1
1332,0.00043639817,0,1
1333,0.0005303194,0,1
1334,0.00042353838,0,1
1335,0.00017847167,0,1
1336,0.0001654478,0,1
1337,0.00034539172,0,1
1338,0.00014390534,0,1
1339,0.0013409806,0,1
1340,0.00048199104,0,1
1341,0.00013583706,0,1
1342,0.0002194441,0,1
1343,0.0005276266,0,1
1344,0.00040338794,0,1
1345,0.0005536359,0,1
1346,0.0004016831,0,1
1347,0.0016081205,0,1
1348,0.0023138407,0,1
1349,0.004076669,0,1
1350,0.00095271744,0,1
1351,0.0011024826,0,1
1352,0.00030463422,0,1
1353,0.00030947855,0,1
1354,0.0005583362,0,1
1355,0.0014513233,0,1
1356,0.0001656173,0,1
1357,0.000305262,0,1
1358,0.0016047673,0,1
1359,0.0014636689,0,1
1360,0.00033311758,1,1
1361,0.0034679603,0,1
1362,0.00027257696,0,1
1363,0.0010999645,0,1
1364,0.00039650788,0,1
1365,0.00063031336,0,1
1366,0.00019496109,0,1
1367,0.0006213159,0,1
1368,0.00024911022,0,1
1369,9.3115916e-05,0,0
1370,0.00036142336,0,1
1371,0.00018943081,0,1
1372,0.0016083055,0,1
1373,0.00012501473,0,1
1374,0.00019378099,0,1
1375,0.0011803554,0,1
1376,0.0008035057,0,1
1377,0.0005093289,0,1
1378,0.00053526787,0,1
1379,0.0005075879,1,1
1380,0.00027448288,0,1
1381,0.00029127428,0,1
1382,0.00046157133,0,1
1383,0.00097238156,0,1
1384,9.0426256e-05,0,0
1385,0.00014424259,0,1
1386,0.00045453425,0,1
1387,0.00021051223,0,1
1388,0.00016608866,0,1
1389,0.00019538138,0,1
1390,0.0037948394,0,1
1391,0.00032904674,0,1
1392,0.00023042069,0,1
1393,0.00062618975,0,1
1394,0.0019071496,0,1
1395,0.00012065019,0,1
1396,0.00046994357,0,1
1397,0.00048540867,1,1
1398,0.0009575309,0,1
1399,0.00034390815,0,1
1400,0.00011736188,0,1
1401,0.0005901299,0,1
1402,0.0002350759,0,1
1403,0.000102668135,0,1
1404,0.00013137056,0,1
1405,0.00031553832,0,1
1406,0.0002032812,0,1
1407,0.00010308941,0,1
1408,0.0007787998,0,1
1409,0.0005215899,0,1
1410,0.00023761152,1,1
1411,0.00048327516,0,1
1412,0.00012958754,0,1
1413,0.0016250461,0,1
1414,0.0010711695,0,1
1415,0.00097408413,0,1
1416,0.00017482475,0,1
1417,0.0004948489,0,1
1418,0.00046296988,0,1
1419,0.0033849557,0,1
1420,0.00018985751,0,1
1421,0.00087402994,0,1
1422,0.00039584335,0,1
1423,0.0004686563,0,1
1424,0.00031200715,0,1
1425,0.000107227126,0,1
1426,0.00039329662,0,1
1427,0.0001959435,0,1
1428,0.00041243373,0,1
1429,0.00020229546,0,1
1430,0.00022833023,0,1
1431,0.00045972195,0,1
1432,0.00070422835,0,1
1433,0.00021108886,0,1
1434,0.0007476412,0,1
1435,0.000273208,0,1
1436,0.00043417237,0,1
1437,0.00015089364,0,1
1438,0.00016956069,0,1
1439,0.00039177772,0,1
1440,0.0004907483,0,1
1441,0.0008666993,1,1
1442,0.0009916855,0,1
1443,0.000535024,0,1
1444,0.00066391664,0,1
1445,0.00108884,0,1
1446,9.2489834e-05,0,0
1447,0.00028862525,0,1
1448,0.0006587185,0,1
1449,0.00045664274,0,1
1450,0.0010802678,0,1
1451,0.0003165102,0,1
1452,0.00066615286,0,1
1453,0.00043663124,0,1
1454,0.0008833534,0,1
1455,0.00044472166,0,1
1456,0.0009866117,0,1
1457,0.00039482483,0,1
1458,0.00052744284,0,1
1459,0.0009893335,0,1
1460,0.0013427713,0,1
1461,0.00048119086,0,1
1462,0.0002752652,0,1
1463,0.001395612,0,1
1464,0.00028777088,0,1
1465,0.00029847876,0,1
1466,0.00038137936,0,1
1467,0.0003189248,1,1
1468,0.0005328696,0,1
1469,0.00017494298,0,1
1470,9.3796974e-05,0,0
1471,0.0008637749,0,1
1472,6.3068714e-05,0,0
1473,0.00017345013,0,1
1474,0.00018445522,0,1
1475,0.00043698945,0,1
1476,0.0009236502,0,1
1477,0.00010688072,1,1
1478,0.00013925115,0,1
1479,0.00023866749,0,1
1480,0.0017990457,0,1
1481,0.0011647271,1,1
1482,0.0003708912,0,1
1483,0.0018001864,0,1
1484,0.00021988052,0,1
1485,0.00087752333,0,1
1486,0.00017309452,0,1
1487,0.0021589585,0,1
1488,0.00023017653,0,1
1489,0.00033050578,0,1
1490,0.00038638816,0,1
1491,0.00019167947,0,1
1492,0.00032876254,0,1
1493,0.0033909618,0,1
1494,0.0008030791,0,1
1495,0.00047468633,0,1
1496,0.0011728851,0,1
1497,0.00024055596,0,1
1498,0.00022409545,0,1
1499,0.0011566472,0,1
1500,0.00048809842,0,1
1501,0.0006616205,0,1
1502,0.00033851224,0,1
1503,0.00020849859,0,1
1504,0.00022330403,0,1
1505,0.00014667117,0,1
1506,0.00020324058,0,1
1507,0.00018696001,0,1
1508,0.00021967925,0,1
1509,0.00055109285,0,1
1510,0.00054432114,0,1
1511,0.009438485,1,1
1512,0.00034192263,0,1
1513,0.0011844389,0,1
1514,0.00022130567,0,1
1515,0.00016438091,0,1
1516,0.00020435845,0,1
1517,0.00085171434,0,1
1518,0.0005009384,0,1
1519,0.00013192941,0,1
1520,0.0003549258,0,1
1521,0.0009912769,0,1
1522,0.0029275299,0,1
1523,0.0005117563,0,1
1524,0.0005451746,0,1
1525,0.00015757358,0,1
1526,0.00031754654,0,1
1527,0.00027717237,0,1
1528,0.00053983903,0,1
1529,0.0016215821,0,1
1530,0.0005699551,0,1
1531,0.001412981,0,1
1532,0.000288031,0,1
1533,0.0002258191,0,1
1534,0.00073173275,0,1
1535,0.00035802613,0,1
1536,0.00086461694,0,1
1537,0.0001181319,0,1
1538,0.00060708384,0,1
1539,0.0006384291,0,1
1540,0.00029039022,0,1
1541,0.00012515011,0,1
1542,0.00040256183,1,1
1543,0.00018926419,1,1
1544,0.0002116556,0,1
1545,0.00040212658,0,1
1546,0.00060697825,0,1
1547,0.0005192051,0,1
1548,0.00068606966,0,1
1549,0.00035116897,0,1
1550,0.0002571722,0,1
1551,0.0007180658,0,1
1552,0.0026767591,0,1
1553,0.000192346,0,1
1554,0.00016154537,0,1
1555,0.00055410597,0,1
1556,0.00014504849,0,1
1557,0.0005261405,1,1
1558,0.00033436867,0,1
1559,0.00018895642,0,1
1560,0.00044561422,0,1
1561,0.00022845576,0,1
1562,0.0004556095,0,1
1563,0.0001726026,0,1
1564,0.00013301987,0,1
1565,0.00048660315,1,1
1566,0.10592337,0,1
1567,0.00077956804,0,1
1568,0.0022477214,0,1
1569,0.00011817957,0,1
1570,0.0005805334,0,1
1571,0.0003663028,0,1
1572,0.0002051642,0,1
1573,0.0016130286,0,1
1574,0.0006611305,0,1
1575,9.858818e-05,0,1
1576,0.00016993392,0,1
1577,0.00022905963,0,1
1578,0.0006730029,0,1
1579,0.00062952715,1,1
1580,8.127332e-05,1,0
1581,0.0016235382,0,1
1582,0.00026253107,0,1
1583,0.0012698881,0,1
1584,0.00024636876,0,1
1585,0.0009941463,0,1
1586,0.00018247034,0,1
1587,0.0002678041,0,1
1588,0.0010199985,0,1
1589,0.00024424092,0,1
1590,0.0005667568,0,1
1591,0.00083319657,0,1
1592,0.0007116006,0,1
1593,0.00028040292,0,1
1594,0.0006800218,0,1
1595,0.0002396584,0,1
1596,0.0006282925,0,1
1597,0.0006130901,0,1
1598,0.0009637833,0,1
1599,0.0006957052,0,1
1600,0.0004707278,0,1
1601,0.00037663887,0,1
1602,0.00041914155,0,1
1603,0.00027712598,0,1
1604,9.1630194e-05,0,0
1605,0.0004366442,0,1
1606,0.00024336696,0,1
1607,0.00012059497,0,1
1608,0.00022637528,0,1
1609,0.00046677436,0,1
1610,0.00016600141,0,1
1611,0.0013522003,0,1
1612,0.00016548042,0,1
1613,0.000588627,0,1
1614,0.0010286976,0,1
1615,0.00027240286,0,1
1616,0.00095378666,0,1
1617,0.00018295739,0,1
1618,0.0007563476,0,1
1619,0.00032989288,0,1
1620,0.000642967,0,1
1621,0.00021206713,0,1
1622,0.00080996554,0,1
1623,0.00027903216,0,1
1624,0.0006317179,0,1
1625,0.00010047127,0,1
1626,0.00026645232,0,1
1627,0.0002830409,1,1
1628,0.0005700525,0,1
1629,0.00035752883,0,1
1630,0.0014926661,0,1
1631,0.0012385091,0,1
1632,0.0018927497,1,1
1633,0.0001301058,0,1
1634,0.00037268776,0,1
1635,0.00055907026,0,1
1636,0.00019206542,0,1
1637,0.0002846701,0,1
1638,0.08404231,0,1
1639,0.00084145396,0,1
1640,0.00021756915,0,1
1641,0.07543628,0,1
1642,0.00014122782,0,1
1643,0.00024235348,0,1
1644,0.00011337397,1,1
1645,0.00033044472,0,1
1646,0.00067715463,0,1
1647,0.00091969775,0,1
1648,0.0014917927,0,1
1649,0.0004899965,0,1
1650,0.00010745609,0,1
1651,0.0012633259,0,1
1652,0.00036406898,0,1
1653,0.00014872235,0,1
1654,0.0009179302,0,1
1655,0.00014031977,0,1
1656,0.0018739516,0,1
1657,0.00046724983,0,1
1658,0.00021153146,0,1
1659,0.0015758821,0,1
1660,0.0023119422,0,1
1661,0.00011877078,0,1
1662,0.00021043092,0,1
1663,0.0005240743,0,1
1664,0.00025433995,0,1
1665,0.0032854108,0,1
1666,0.0005002113,0,1
1667,0.00027054377,0,1
1668,0.0002687413,0,1
1669,0.00028697975,0,1
1670,0.0006870412,0,1
1671,0.00028931123,0,1
1672,0.00015099523,0,1
1673,0.00015899444,0,1
1674,0.00022753768,0,1
1675,0.00046068727,0,1
1676,0.00048962986,0,1
1677,0.0005926962,0,1
1678,0.00038166772,0,1
1679,0.00020075942,0,1
1680,0.00043651933,0,1
1681,0.00082876405,0,1
1682,0.000151937,0,1
1683,0.0016757421,0,1
1684,0.0019531404,0,1
1685,0.00032099022,0,1
1686,0.0003617853,0,1
1687,0.00024103139,0,1
1688,0.00067863875,0,1
1689,0.00093553145,0,1
1690,0.00049217057,0,1
1691,0.00043854793,0,1
1692,0.00033244834,0,1
1693,0.0007738576,0,1
1694,0.03699614,0,1
1695,0.001536492,0,1
1696,0.00017000738,0,1
1697,0.00018603822,0,1
1698,0.0020020646,0,1
1699,0.00030260917,0,1
1700,0.00019051592,0,1
1701,0.0013558108,0,1
1702,0.00013562143,0,1
1703,0.00048223994,0,1
1704,0.0008323181,0,1
1705,0.0024180035,0,1
1706,0.0006254078,0,1
1707,0.000154861,0,1
1708,9.808621e-05,0,1
1709,0.00016682554,0,1
1710,0.00022191262,0,1
1711,0.00014302213,0,1
1712,0.0004027094,0,1
1713,0.00054647867,0,1
1714,0.0018257047,0,1
1715,0.00061217835,0,1
1716,0.00036133645,0,1
1717,0.0003879788,0,1
1718,0.0007913068,0,1
1719,0.00016523313,0,1
1720,0.00073835725,0,1
1721,0.00080876774,0,1
1722,9.45393e-05,0,0
1723,0.0005957738,0,1
1724,0.00014603528,0,1
1725,0.00039832492,0,1
1726,0.0010633084,0,1
1727,0.00031427914,1,1
1728,0.0013534859,0,1
1729,0.0002660075,0,1
1730,0.00036961812,0,1
1731,0.0016589299,0,1
1732,0.00050842925,0,1
1733,0.00062440406,0,1
1734,0.00016162342,0,1
1735,0.00012615166,0,1
1736,0.0003163456,0,1
1737,0.00061751716,0,1
1738,0.00040642044,0,1
1739,0.00019631308,0,1
1740,0.00085016945,0,1
1741,0.0003701956,0,1
1742,0.0010407628,1,1
1743,0.0006796159,0,1
1744,0.0003859384,0,1
1745,0.00033364297,0,1
1746,0.0013801113,0,1
1747,0.0010623197,0,1
1748,0.00037226456,0,1
1749,0.00020559676,0,1
1750,0.0010932075,0,1
1751,0.0003629216,1,1
1752,0.00031857577,0,1
1753,0.0012426833,0,1
1754,0.000935705,0,1
1755,0.00028708507,0,1
1756,0.00074828416,0,1
1757,0.0005384468,0,1
1758,0.0010850087,0,1
1759,0.00017736113,0,1
1760,6.355834e-05,1,0
1761,0.00050898944,0,1
1762,0.00042086607,0,1
1763,0.0005417958,0,1
1764,0.00070379523,0,1
1765,0.0003724336,0,1
1766,8.0212296e-05,0,0
1767,0.00013679385,0,1
1768,0.0005368399,0,1
1769,0.0010415292,0,1
1770,0.0015681388,0,1
1771,0.0001558912,0,1
1772,0.00022274705,0,1
1773,6.2723935e-05,0,0
1774,0.0010571105,0,1
1775,0.00019669192,0,1
1776,0.0011752619,0,1
1777,0.0002186994,1,1
1778,0.0008670159,0,1
1779,0.00018039886,0,1
1780,0.00028955023,0,1
1781,0.002263358,1,1
1782,0.0006071548,0,1
1783,0.0005108608,0,1
1784,0.00023143708,0,1
1785,0.00029074063,0,1
1786,9.423761e-05,0,0
1787,0.00015594001,0,1
1788,0.0007753577,0,1
1789,0.00013201995,0,1
1790,0.00019098728,0,1
1791,0.000109918496,0,1
1792,0.00069084496,0,1
1793,0.00012198801,1,1
1794,0.0002553258,0,1
1795,0.00014779152,0,1
1796,0.00044094565,0,1
1797,0.00033813898,0,1
1798,0.0021344405,0,1
1799,0.00029903936,0,1
1800,0.0004627301,0,1
1801,0.0005370356,0,1
1802,0.00071554736,0,1
1803,0.00032948056,0,1
1804,0.0007021993,0,1
1805,0.0028072488,1,1
1806,0.00022611799,0,1
1807,0.00024297938,0,1
1808,0.0015009097,0,1
1809,0.0010540853,0,1
1810,0.00072130974,0,1
1811,0.0014319695,0,1
1812,0.0006073918,0,1
1813,0.00036138628,0,1
1814,0.0004188965,0,1
1815,0.0005032843,0,1
1816,0.0004839932,1,1
1817,0.000283676,0,1
1818,0.00033536134,0,1
1819,0.0003588307,0,1
1820,0.000675283,0,1
1821,0.00019261634,0,1
1822,0.00080152357,0,1
1823,0.00015978521,0,1
1824,0.00038237617,0,1
1825,0.0003386495,0,1
1826,0.0006103958,0,1
1827,0.0001516692,0,1
1828,0.0010667318,0,1
1829,0.0015161328,0,1
1830,0.0002473291,0,1
1831,0.00012375783,0,1
1832,0.0009195794,0,1
1833,0.0006021566,0,1
1834,0.0004863445,0,1
1835,0.0016477704,0,1
1836,0.000988332,0,1
1837,0.00012301479,0,1
1838,0.000114189315,0,1
1839,9.1534464e-05,0,0
1840,0.00083213876,0,1
1841,0.00089717517,0,1
1842,0.00010972476,0,1
1843,0.00011504872,0,1
1844,0.00020721204,0,1
1845,0.00019130553,0,1
1846,0.00093530363,0,1
1847,0.0010307397,0,1
1848,0.00086773233,0,1
1849,0.0005131159,0,1
1850,0.0002843197,0,1
1851,0.021286778,1,1
1852,0.0012581733,0,1
1853,0.00014745846,0,1
1854,0.0006825911,0,1
1855,0.00012221068,0,1
1856,0.0010919727,0,1
1857,0.002445342,0,1
1858,0.00034722977,0,1
1859,0.00017653301,0,1
1860,0.0008682513,0,1
1861,0.0005475823,0,1
1862,0.00040503993,0,1
1863,0.0003866698,0,1
1864,0.00047319676,0,1
1865,0.00049897307,0,1
1866,0.00021777579,0,1
1867,0.0009940405,0,1
1868,0.0006903583,0,1
1869,0.000927112,0,1
1870,0.00013024267,0,1
1871,0.00066625833,0,1
1872,0.0006117522,0,1
1873,0.00042885198,0,1
1874,0.00018329133,0,1
1875,0.0006658293,0,1
1876,0.0002542423,0,1
1877,0.00050941296,0,1
1878,0.000135396,0,1
1879,0.00030676802,0,1
1880,0.0009977544,0,1
1881,0.0010908567,0,1
1882,0.0012941784,0,1
1883,0.001620234,1,1
1884,0.00062327785,0,1
1885,0.00020375199,0,1
1886,0.0009199747,0,1
1887,0.00025269264,0,1
1888,0.008087233,1,1
1889,0.00048763663,0,1
1890,0.00023166023,0,1
1891,0.00023332454,0,1
1892,0.00014711215,0,1
1893,0.00026094547,0,1
1894,0.0003930965,0,1
1895,0.00060810184,0,1
1896,0.0017177886,1,1
1897,0.0008937779,0,1
1898,0.00054892927,0,1
1899,0.00076483865,0,1
1900,0.0019623532,0,1
1901,0.0014252726,0,1
1902,0.00011908659,0,1
1903,0.00017175352,0,1
1904,0.0010923496,0,1
1905,0.0006924281,0,1
1906,0.001434118,0,1
1907,0.002932331,0,1
1908,8.407979e-05,0,0
1909,0.0001241765,0,1
1910,0.0003063414,1,1
1911,0.00042291766,0,1
1912,0.00028270605,0,1
1913,0.00046511908,0,1
1914,0.0021867568,0,1
1915,0.00014784458,0,1
1916,0.0035028418,1,1
1917,0.00023079713,0,1
1918,0.00028578212,0,1
1919,0.00054073386,0,1
1920,0.0017329952,0,1
1921,0.00043523684,0,1
1922,0.0004287905,0,1
1923,0.0005620081,0,1
1924,0.00053895696,0,1
1925,0.0008521178,1,1
1926,0.00046355993,0,1
1927,7.631266e-05,0,0
1928,0.00068946905,0,1
1929,0.00020176542,0,1
1930,0.00045592428,0,1
1931,0.0004756365,0,1
1932,0.0006973231,0,1
1933,0.0011256938,0,1
1934,0.0013236073,0,1
1935,0.0012968379,0,1
1936,0.0015947248,0,1
1937,0.0008847392,0,1
1938,0.0011863091,0,1
1939,0.00019765382,0,1
1940,0.000286181,0,1
1941,0.0003321157,0,1
1942,0.00016467944,0,1
1943,0.00019383203,0,1
1944,0.00021126065,0,1
1945,0.036715508,1,1
1946,0.0002938927,0,1
1947,0.000942427,0,1
1948,0.00014662079,0,1
1949,0.0003127036,0,1
1950,0.0003070374,0,1
1951,0.00028587558,0,1
1952,0.00048889546,0,1
1953,0.0015336096,0,1
1954,0.00035801466,0,1
1955,0.0004382268,0,1
1956,0.0005978325,0,1
1957,0.0004788623,0,1
1958,0.002065097,0,1
1959,0.00024556313,0,1
1960,0.00030848978,1,1
1961,0.0009160896,0,1
1962,0.00010289282,0,1
1963,0.00049096916,0,1
1964,0.00035233918,0,1
1965,0.0002315896,0,1
1966,0.00036070312,0,1
1967,0.00016304289,0,1
1968,0.0011259473,0,1
1969,0.0004566065,0,1
1970,0.00039470912,0,1
1971,0.0009415598,0,1
1972,0.0015517243,0,1
1973,0.00026423484,0,1
1974,0.00064207823,0,1
1975,0.00029571133,0,1
1976,0.00012847726,0,1
1977,0.0027222144,0,1
1978,0.00017491996,0,1
1979,0.0011885993,0,1
1980,0.00013808513,0,1
1981,0.0022753864,0,1
1982,0.00010430316,0,1
1983,0.0006733461,0,1
1984,0.00048035214,0,1
1985,0.00018250532,0,1
1986,0.00021202464,0,1
1987,0.0005185119,0,1
1988,0.0005263913,0,1
1989,0.000844618,0,1
1990,0.0017003567,0,1
1991,0.0002328149,0,1
1992,0.00015784308,0,1
1993,9.9672616e-05,0,1
1994,0.00041497085,0,1
1995,0.000697364,0,1
1996,0.00046180695,0,1
1997,0.00045800867,0,1
1998,0.0007684842,0,1
1999,0.00016462061,0,1
2000,0.0009085127,0,1
2001,0.0008607316,0,1
2002,0.0004475409,0,1
2003,0.00033419044,0,1
2004,0.00020123806,0,1
2005,0.000267234,0,1
2006,0.00036408464,0,1
2007,0.00079321454,0,1
2008,0.0010167103,0,1
2009,0.00071879907,0,1
2010,0.0005733218,0,1
2011,0.000102573336,0,1
2012,0.0012932324,0,1
2013,0.00059605256,0,1
2014,8.892943e-05,0,0
2015,0.0023085414,0,1
2016,0.00073063606,0,1
2017,0.00019131761,0,1
2018,0.0001264935,0,1
2019,0.0009083025,0,1
2020,0.00018159227,0,1
2021,0.0003323402,0,1
2022,0.0005712504,0,1
2023,0.0003736449,0,1
2024,0.0002605829,0,1
2025,0.0009553554,1,1
2026,0.000170892,0,1
2027,0.00033174476,0,1
2028,0.0010591474,0,1
2029,0.0013240973,0,1
2030,0.0008345235,0,1
2031,0.00027176042,0,1
2032,0.00015516889,0,1
2033,0.00050482596,0,1
2034,0.00022149226,0,1
2035,0.0017466508,0,1
2036,0.0004551307,0,1
2037,0.0017693595,0,1
2038,0.0016058026,0,1
2039,0.00015886803,0,1
2040,0.00018781153,0,1
2041,0.0010139316,0,1
2042,0.00021837489,0,1
2043,0.00019246481,0,1
2044,0.0009044958,0,1
2045,0.00027060468,0,1
2046,0.00024904477,0,1
2047,0.00084887433,0,1
2048,0.00014549581,0,1
2049,0.00031523948,0,1
2050,0.00095637783,0,1
2051,0.00032119593,0,1
2052,0.0003023566,0,1
2053,0.00032503583,0,1
2054,0.0006055973,0,1
2055,0.00030302219,0,1
2056,0.0005578288,1,1
2057,0.0003176384,0,1
2058,0.0003979561,0,1
2059,0.00027723412,0,1
2060,0.0005628256,0,1
2061,0.00045419286,0,1
2062,0.00051737105,0,1
2063,0.00019045727,0,1
2064,0.00062915415,0,1
2065,0.00045956476,0,1
2066,0.00023502516,0,1
2067,0.0013331908,0,1
2068,0.00089885,0,1
2069,0.0016867919,0,1
2070,0.0001488186,0,1
2071,0.00021121993,0,1
2072,0.0003236542,0,1
2073,0.00015248932,0,1
2074,0.00075655075,0,1
2075,0.0015706983,0,1
2076,0.00043049006,0,1
2077,6.8031906e-05,0,0
2078,0.0006991574,0,1
2079,0.0004054543,0,1
2080,0.0015149246,0,1
2081,0.0003227312,0,1
2082,0.00038798078,0,1
2083,0.00015569977,0,1
2084,0.00039187568,0,1
2085,0.0008420731,0,1
2086,0.0017358991,0,1
2087,0.0020959112,0,1
2088,0.00013104777,0,1
2089,0.0011048098,0,1
2090,0.000665018,0,1
2091,0.0002609147,0,1
2092,0.0009575336,0,1
2093,7.4924494e-05,0,0
2094,0.00017935425,0,1
2095,0.0016421234,0,1
2096,0.00077554886,0,1
2097,0.0005648397,1,1
2098,0.00038959555,0,1
2099,0.0003951726,0,1
2100,0.0004439375,0,1
2101,0.00019724511,0,1
2102,0.00034861686,0,1
2103,0.00014616497,0,1
2104,0.00013930362,0,1
2105,0.00020540704,0,1
2106,0.0019901465,0,1
2107,0.00023029593,0,1
2108,0.00039816654,0,1
2109,0.0001239696,0,1
2110,0.00019058851,0,1
2111,0.00081316754,0,1
2112,0.00071218656,0,1
2113,0.00011529932,0,1
2114,0.00051489717,0,1
2115,0.0005000057,0,1
2116,0.00020799207,0,1
2117,0.00017249022,0,1
2118,0.0011472238,0,1
2119,0.00013286433,0,1
2120,0.0007177944,0,1
2121,0.00040650857,0,1
2122,0.0009107129,0,1
2123,0.00044961396,0,1
2124,0.0026643276,0,1
2125,0.00031919542,0,1
2126,0.0005884869,0,1
2127,0.00011233828,0,1
2128,0.0004918077,0,1
2129,0.0008284607,0,1
2130,0.0013381089,0,1
2131,0.00031577566,0,1
2132,0.0002583973,0,1
2133,0.00054343126,0,1
2134,9.373153e-05,0,0
2135,0.0009881583,0,1
2136,0.0012297945,0,1
2137,0.00029699574,0,1
2138,0.0028520464,0,1
2139,0.00012382318,0,1
2140,0.00012844661,0,1
2141,0.00044210878,0,1
2142,0.00039591978,0,1
2143,0.0003044453,0,1
2144,0.00023500646,0,1
2145,0.00015627225,0,1
2146,0.00012913116,0,1
2147,0.00016872335,0,1
2148,0.00048811585,0,1
2149,0.00018756745,0,1
2150,0.00012016226,0,1
2151,0.00013230316,0,1
2152,0.0003499785,1,1
2153,0.0011273418,0,1
2154,0.00048044464,0,1
2155,0.00015255768,0,1
2156,0.00048288653,0,1
2157,0.0002013834,1,1
2158,0.00030148376,0,1
2159,0.00047303707,0,1
2160,0.00080813246,0,1
2161,0.00018034466,0,1
2162,0.00026750818,0,1
2163,0.00019725761,0,1
2164,0.00025286723,0,1
2165,0.00018391493,0,1
2166,0.00048945146,0,1
2167,0.00017976388,0,1
2168,0.00088723586,1,1
2169,0.0002476708,0,1
2170,0.00031544775,0,1
2171,0.00040368433,1,1
2172,0.0022979882,1,1
2173,0.0003949968,0,1
2174,0.0006158799,0,1
2175,0.00010047555,0,1
2176,0.0005849402,0,1
2177,0.0014490039,0,1
2178,0.00047139486,0,1
2179,0.00010798379,0,1
2180,0.00022475995,0,1
2181,0.00038302707,0,1
2182,0.0003571881,0,1
2183,0.0010340249,0,1
2184,0.0033657674,0,1
2185,0.00040968443,0,1
2186,0.0011538587,0,1
2187,0.00080368685,0,1
2188,0.00024406004,0,1
2189,0.00022182448,0,1
2190,0.000771806,0,1
2191,0.00034426106,0,1
2192,0.0019726274,0,1
2193,0.0012188446,0,1
2194,0.00093899044,1,1
2195,0.0021618376,1,1
2196,0.0016498684,1,1
2197,0.0007560691,0,1
2198,0.0003988149,0,1
2199,0.0013281726,0,1
2200,0.00033379038,0,1
2201,0.00020423051,0,1
2202,0.00095207355,0,1
2203,0.0018198711,0,1
2204,0.00036548532,0,1
2205,0.0017947436,0,1
2206,0.00089989224,0,1
2207,0.0010035199,0,1
2208,0.00015126115,0,1
2209,0.00086642173,0,1
2210,0.0014474841,0,1
2211,0.00018043698,1,1
2212,0.013378472,1,1
2213,0.00075862336,0,1
2214,9.710122e-05,0,1
2215,0.0002333313,0,1
2216,0.0010210759,0,1
2217,0.0011438465,0,1
2218,0.0007286035,0,1
2219,0.00014318735,0,1
2220,0.0004570365,0,1
2221,0.00029680005,1,1
2222,0.00023173612,0,1
2223,0.0007953411,0,1
2224,0.00019315767,0,1
2225,0.0006569709,0,1
2226,0.0007838221,0,1
2227,6.7651425e-05,1,0
2228,0.0002068048,0,1
2229,0.00020024988,0,1
2230,0.0009760677,0,1
2231,0.0007102781,0,1
2232,0.00082828756,0,1
2233,0.0014733707,0,1
2234,0.0005877915,0,1
2235,0.07165853,0,1
2236,0.0010343064,0,1
2237,0.00020018431,0,1
2238,0.00024264812,0,1
2239,0.00068315037,0,1
2240,0.001079069,0,1
2241,0.0015608817,0,1
2242,0.00023489246,0,1
2243,0.0014040143,0,1
2244,8.945165e-05,0,0
2245,0.00014295439,0,1
2246,0.00028674182,0,1
2247,0.0003185493,0,1
2248,0.0015405886,0,1
2249,0.00016328006,0,1
2250,0.002365936,0,1
2251,0.0002827546,0,1
2252,0.0012518219,0,1
2253,0.0003890985,0,1
2254,0.00077102205,0,1
2255,0.0014206491,0,1
2256,0.00033801986,0,1
2257,0.00017507221,0,1
2258,0.00034438208,0,1
2259,0.0004205329,0,1
2260,0.00017446608,0,1
2261,0.0015949538,0,1
2262,0.0002889281,0,1
2263,0.0008969753,0,1
2264,0.00032368454,0,1
2265,0.0002920683,0,1
2266,0.0030841548,0,1
2267,0.0004427827,0,1
2268,0.00028767827,0,1
2269,0.00024052733,0,1
2270,0.0011117901,0,1
2271,0.00044234685,0,1
2272,0.000401721,0,1
2273,0.00016577018,0,1
2274,0.0008148821,0,1
2275,0.00046798825,0,1
2276,0.001518102,0,1
2277,0.027772289,1,1
2278,0.000105250554,0,1
2279,0.0005175723,0,1
2280,0.00058393035,0,1
2281,0.00018670286,0,1
2282,0.00037596415,0,1
2283,0.0006587168,0,1
2284,0.00031542598,0,1
2285,0.0002672515,0,1
2286,0.0002819363,0,1
2287,0.00060986524,0,1
2288,0.0002929447,0,1
2289,0.0010700307,0,1
2290,0.00027305353,0,1
2291,0.00016149611,0,1
2292,0.00011696301,0,1
2293,0.00017118294,0,1
2294,0.0008329222,0,1
2295,0.00085158186,0,1
2296,0.00023923947,0,1
2297,0.00074342714,0,1
2298,0.00011357138,0,1
2299,0.0013015326,0,1
2300,0.0003853214,0,1
2301,0.0010733978,0,1
2302,0.00012478748,0,1
2303,0.00015001232,0,1
2304,0.0001515896,0,1
2305,0.00036500557,0,1
2306,0.00017397274,0,1
2307,0.0006215881,0,1
2308,8.422179e-05,0,0
2309,0.00054060953,0,1
2310,0.0003966798,0,1
2311,0.00024619314,0,1
2312,0.00051425153,0,1
2313,0.00016788798,0,1
2314,0.0002575465,0,1
2315,0.00051687146,0,1
2316,0.00074081426,0,1
2317,0.0004215207,1,1
2318,0.00043494895,0,1
2319,0.00019525891,0,1
2320,0.00018058009,1,1
2321,0.0004239182,0,1
2322,0.00013392873,0,1
2323,0.00011286815,0,1
2324,0.0003403509,0,1
2325,0.00043727126,0,1
2326,0.000112562906,1,1
2327,0.00025664738,0,1
2328,0.00047867268,0,1
2329,0.0010848289,0,1
2330,0.0008163074,0,1
2331,0.00028240622,0,1
2332,0.00081087166,0,1
2333,0.00022831639,0,1
2334,0.0010536024,0,1
2335,0.00080289214,0,1
2336,0.00018323556,0,1
2337,0.00056216953,0,1
2338,0.00018193343,0,1
2339,0.0004115998,0,1
2340,0.00035767703,0,1
2341,0.00025818442,0,1
2342,0.00022863245,0,1
2343,0.00026131264,0,1
2344,0.00035021,0,1
2345,0.0003973078,0,1
2346,0.00033395528,0,1
2347,0.0013891092,0,1
2348,0.00050662766,0,1
2349,0.0019396193,0,1
2350,0.00012795131,1,1
2351,0.00019487034,0,1
2352,0.00010670938,0,1
2353,0.0008070874,0,1
2354,0.00019510002,0,1
2355,0.00014615356,0,1
2356,0.00040784595,0,1
2357,0.0007582538,1,1
2358,0.00016114197,0,1
2359,0.00019192389,0,1
2360,0.0003022196,0,1
2361,0.0001483302,0,1
2362,0.00021700082,0,1
2363,0.00039177,0,1
2364,0.00010528203,0,1
2365,0.0003612577,0,1
2366,0.00063571316,0,1
2367,0.00026528485,0,1
2368,0.0012024832,0,1
2369,8.549284e-05,0,0
2370,0.00024058363,0,1
2371,0.001593437,0,1
2372,0.0009176965,0,1
2373,0.0002300585,0,1
2374,0.0005939611,0,1
2375,0.001238635,0,1
2376,0.0004115645,0,1
2377,0.00021918569,0,1
2378,0.00012302794,0,1
2379,0.00050366105,0,1
2380,0.00045064226,0,1
2381,0.0009617602,0,1
2382,0.00026729575,0,1
2383,0.00028506631,0,1
2384,0.00037634204,0,1
2385,0.00019693634,0,1
2386,0.001986071,0,1
2387,0.00013548037,0,1
2388,0.0006589188,0,1
2389,0.0005899011,0,1
2390,0.00024304917,0,1
2391,0.00018365531,0,1
2392,0.00021414929,0,1
2393,0.00014609218,1,1
2394,0.0011234314,0,1
2395,0.00044216734,0,1
2396,0.0011160106,0,1
2397,0.08067188,0,1
2398,0.0005508199,0,1
2399,0.000307346,0,1
2400,0.0003392867,0,1
2401,6.3047e-05,0,0
2402,0.000831667,0,1
2403,0.00018178296,0,1
2404,0.0001305987,0,1
2405,0.00048896164,0,1
2406,0.0013772323,0,1
2407,0.00016218532,0,1
2408,0.00023348068,0,1
2409,0.00029616457,0,1
2410,0.0007712809,0,1
2411,0.0006512982,0,1
2412,0.00057824596,0,1
2413,0.0005775195,0,1
2414,0.000557809,0,1
2415,0.00043829603,0,1
2416,0.00026155432,0,1
2417,0.0002727209,0,1
2418,0.00082524284,0,1
2419,0.00024177408,0,1
2420,0.0010171528,0,1
2421,0.001516389,0,1
2422,0.0042207637,0,1
2423,0.00044187641,0,1
2424,0.0002647788,0,1
2425,0.00012207846,0,1
2426,0.001019386,0,1
2427,0.043133225,1,1
2428,0.0003164612,0,1
2429,0.00041620582,1,1
2430,0.00087879744,0,1
2431,0.00023640455,0,1
2432,0.0011567033,0,1
2433,0.000786318,0,1
2434,0.00092611753,0,1
2435,0.00026677057,0,1
2436,0.0002671653,0,1
2437,0.0007973646,0,1
2438,0.00028776593,0,1
2439,0.00018535226,0,1
2440,0.00021926627,0,1
2441,0.018974138,1,1
2442,0.0006308849,0,1
2443,0.00055611425,0,1
2444,0.0011227948,0,1
2445,0.00017074925,0,1
2446,0.0002290261,0,1
2447,0.0008255186,0,1
2448,0.00023048482,0,1
2449,0.00030070753,0,1
2450,0.00027400494,0,1
2451,0.0001439783,0,1
2452,0.00022362536,1,1
2453,0.00022490858,0,1
2454,0.00016245895,0,1
2455,0.000340551,0,1
2456,0.00039232263,0,1
2457,0.00022881014,0,1
2458,0.0011016908,0,1
2459,0.00012440789,0,1
2460,0.0003446345,0,1
2461,0.00017934394,0,1
2462,0.00022958193,0,1
2463,0.00042314964,0,1
2464,0.00017092351,0,1
2465,0.0006326595,0,1
2466,0.0014269081,0,1
2467,0.00055797177,0,1
2468,0.00068525784,0,1
2469,0.00024084914,0,1
2470,0.0003891333,0,1
2471,0.00063326105,0,1
2472,0.00082139217,0,1
2473,0.00038286418,0,1
2474,0.0001686554,0,1
2475,0.00030397763,0,1
2476,0.0017208541,0,1
2477,0.00062443386,0,1
2478,0.0001739194,0,1
2479,0.0005529735,0,1
2480,0.00052471855,0,1
2481,0.00034485813,0,1
2482,0.00011595838,0,1
2483,7.422687e-05,0,0
2484,0.00056844583,0,1
2485,0.00045781437,0,1
2486,0.00019044429,0,1
2487,0.0013613156,0,1
2488,0.0003001066,0,1
2489,0.00026024802,0,1
2490,0.00035212695,0,1
2491,0.00060429296,0,1
2492,0.00025355443,0,1
2493,0.0010440571,0,1
2494,0.00033658472,0,1
2495,0.0009172724,0,1
2496,0.00047841883,0,1
2497,0.00088264677,0,1
2498,0.001537954,0,1
2499,0.00020500575,0,1
2500,0.00013898002,0,1
2501,0.00050758605,0,1
2502,0.00022847462,0,1
2503,0.0010154006,0,1
2504,0.00069279305,0,1
2505,0.00019901613,0,1
2506,0.00050087203,0,1
2507,0.0004263258,0,1
2508,0.00051854673,0,1
2509,0.00030982844,0,1
2510,0.00017703052,0,1
2511,0.00021604789,1,1
2512,0.00033402423,0,1
2513,0.00092098955,0,1
2514,0.0003151281,0,1
2515,0.00050478836,0,1
2516,0.00036325582,0,1
2517,0.00020296128,0,1
2518,0.0010680285,0,1
2519,0.0010426836,0,1
2520,0.0006975746,0,1
2521,0.00041818124,0,1
2522,0.0002652991,0,1
2523,0.0005825544,0,1
2524,0.00030636083,0,1
2525,0.0009631004,0,1
2526,0.00040082703,1,1
2527,0.00054567854,0,1
2528,0.000326003,0,1
2529,0.00050254073,0,1
2530,0.0007920165,0,1
2531,0.00013359965,0,1
2532,0.00025802813,0,1
2533,0.00037286634,0,1
2534,0.00036049227,0,1
2535,0.000431513,0,1
2536,0.0011984041,1,1
2537,0.0005037163,0,1
2538,0.00037346096,0,1
2539,0.0009870206,0,1
2540,0.00016305828,0,1
2541,0.0010651723,0,1
2542,0.000256011,0,1
2543,0.00020507097,0,1
2544,0.0012882056,0,1
2545,0.0004123377,0,1
2546,0.000919585,0,1
2547,0.00038503896,0,1
2548,0.0005173835,0,1
2549,0.00024407318,0,1
2550,0.00026597542,0,1
2551,8.9174755e-05,0,0
2552,0.00014517026,0,1
2553,0.0015113845,0,1
2554,0.0006254173,0,1
2555,0.0003781753,0,1
2556,0.00028834929,0,1
2557,0.0003942143,0,1
2558,0.00037320735,0,1
2559,0.00041186597,0,1
2560,0.0005476605,0,1
2561,0.00017703224,0,1
2562,0.002798857,0,1
2563,0.002473949,0,1
2564,0.00046595075,0,1
2565,0.0009120648,0,1
2566,0.0009261925,0,1
2567,0.00015907029,0,1
2568,0.00023195952,0,1
2569,0.0006667245,0,1
2570,0.00047923398,0,1
2571,0.00043108503,0,1
2572,0.0005752207,0,1
2573,0.00025644625,0,1
2574,0.00036481305,0,1
2575,0.00020791109,0,1
2576,0.0005587974,0,1
2577,0.0003784073,0,1
2578,0.02952798,1,1
2579,0.0009278482,0,1
2580,0.0010437395,0,1
2581,0.0004105206,0,1
2582,0.0021027364,0,1
2583,0.000477943,0,1
2584,0.00014626946,0,1
2585,0.001635259,0,1
2586,0.0005919464,0,1
2587,0.00042594064,0,1
2588,0.00013660941,0,1
2589,0.00042133345,0,1
2590,0.0004632891,0,1
2591,0.00048066603,0,1
2592,0.0003892352,0,1
2593,0.00046873657,1,1
2594,0.0020847428,0,1
2595,0.0003554764,0,1
2596,0.0006815271,0,1
2597,0.0004179501,0,1
2598,0.00026369593,0,1
2599,0.00022679893,0,1
2600,0.00019732732,0,1
2601,0.0017551323,0,1
2602,0.001328924,0,1
2603,0.000564974,0,1
2604,0.00071785494,0,1
2605,9.5063704e-05,0,0
2606,0.000198268,0,1
2607,0.00020039872,0,1
2608,0.0008783348,1,1
2609,0.0002889994,0,1
2610,0.00025141885,0,1
2611,0.00020924567,0,1
2612,0.00019126211,0,1
2613,0.00029387744,0,1
2614,7.959308e-05,0,0
2615,0.0005215841,0,1
2616,0.0006534592,0,1
2617,0.00061108003,0,1
2618,0.00034006237,0,1
2619,0.00027877156,0,1
2620,8.9630856e-05,0,0
2621,0.00023933176,0,1
2622,0.000207907,0,1
2623,0.0006258376,0,1
2624,0.0005446482,0,1
2625,0.00045066886,0,1
2626,0.00016038422,0,1
2627,0.00077381986,0,1
2628,0.00021801976,0,1
2629,0.0010662451,0,1
2630,0.00019573524,0,1
2631,0.00046592462,0,1
2632,9.946618e-05,0,1
2633,0.00010365701,0,1
2634,0.00012956822,0,1
2635,0.00033692332,0,1
2636,0.00014524735,0,1
2637,0.00059842,0,1
2638,0.00056259707,0,1
2639,0.0008493252,0,1
2640,0.0005535539,0,1
2641,0.0001710988,0,1
2642,0.00047035297,0,1
2643,0.00024043067,0,1
2644,0.0001226115,0,1
2645,0.00039283367,0,1
2646,0.00016417293,0,1
2647,0.0006962846,0,1
2648,0.00012686315,0,1
2649,0.00061052106,0,1
2650,0.0003203107,0,1
2651,0.0011914555,0,1
2652,0.00016131788,0,1
2653,9.073313e-05,0,0
2654,0.00010147755,0,1
2655,0.00022481271,0,1
2656,0.0007508103,0,1
2657,0.0011578461,0,1
2658,0.00011869765,0,1
2659,0.00064048986,0,1
2660,0.0006170697,0,1
2661,0.00020745382,0,1
2662,0.0003638715,0,1
2663,0.00030429772,0,1
2664,0.00049490435,0,1
2665,0.00016297639,0,1
2666,0.00040184602,0,1
2667,0.00090360583,1,1
2668,0.0005911954,0,1
2669,7.8586774e-05,0,0
2670,0.0010707381,1,1
2671,0.00059977267,0,1
2672,0.00068515504,0,1
2673,0.00060274673,0,1
2674,0.00023076934,0,1
2675,0.00082017283,0,1
2676,0.00022921989,0,1
2677,0.0002146685,0,1
2678,0.0014991934,0,1
2679,0.001047942,0,1
2680,0.00037612172,0,1
2681,0.00016177095,0,1
2682,0.00041973166,0,1
2683,0.00044899248,0,1
2684,0.00016012741,0,1
2685,0.00010814748,0,1
2686,0.0003432477,0,1
2687,0.00029734732,0,1
2688,0.0007696446,0,1
2689,0.00024322572,0,1
2690,0.00061684207,0,1
2691,0.00035016294,0,1
2692,0.0002969681,0,1
2693,0.00035471428,0,1
2694,0.0017194713,0,1
2695,0.00048434906,0,1
2696,0.00018304255,0,1
2697,0.000180573,0,1
2698,0.0007259649,0,1
2699,0.00014258752,0,1
2700,0.00019229084,0,1
2701,0.0013103094,0,1
2702,0.00071366894,0,1
2703,0.0010321811,0,1
2704,0.0012592571,0,1
2705,0.00018679426,1,1
2706,0.002877052,0,1
2707,0.0016059105,0,1
2708,0.0007141135,0,1
2709,0.00046089734,0,1
2710,0.001378011,0,1
2711,0.0008793895,0,1
2712,0.0001354609,0,1
2713,0.00016055226,0,1
2714,0.00058066973,0,1
2715,0.00055396353,0,1
2716,0.00014173625,0,1
2717,0.0032530227,0,1
2718,0.000119171076,0,1
2719,0.0003373787,0,1
2720,0.00040549383,0,1
2721,0.00045056827,0,1
2722,0.00030616522,1,1
2723,0.0014732636,0,1
2724,0.00015834082,0,1
2725,0.00023499233,0,1
2726,0.00017038998,0,1
2727,0.0007970483,0,1
2728,0.0003561828,0,1
2729,0.00011369353,0,1
2730,0.0007369019,0,1
2731,0.00055267446,0,1
2732,0.00015686161,0,1
2733,0.0003994471,0,1
2734,0.0004804072,0,1
2735,8.339913e-05,0,0
2736,0.0011600705,0,1
2737,0.00017492461,0,1
2738,0.00023974893,0,1
2739,0.00013587743,0,1
2740,0.00024573522,0,1
2741,0.00063474,0,1
2742,8.996966e-05,0,0
2743,0.001421459,0,1
2744,0.0010705994,0,1
2745,0.0008803386,0,1
2746,0.00034256605,0,1
2747,0.0004601177,0,1
2748,0.0010446621,0,1
2749,0.00037543746,0,1
2750,0.00030656334,0,1
2751,0.0007177067,0,1
2752,0.00017516229,0,1
2753,0.00057055196,0,1
2754,0.000677957,0,1
2755,0.00017369281,0,1
2756,9.491996e-05,0,0
2757,0.0010785151,0,1
2758,0.00019171154,0,1
2759,0.00029420783,0,1
2760,0.00046256284,0,1
2761,0.00011859549,0,1
2762,0.0029278842,1,1
2763,0.00016721818,0,1
2764,0.0010859015,0,1
2765,0.00017046876,0,1
2766,0.0010641378,0,1
2767,0.00033719448,0,1
2768,0.0005393617,0,1
2769,0.0018796377,0,1
2770,0.0006056408,0,1
2771,0.0006156498,0,1
2772,0.0009762959,0,1
2773,0.00079244,0,1
2774,0.00026429907,0,1
2775,0.0001795846,0,1
2776,0.0002135745,0,1
2777,0.00038718618,0,1
2778,0.00060261774,0,1
2779,0.00010785641,0,1
2780,0.00042173063,0,1
2781,0.00084079115,0,1
2782,0.00046876993,0,1
2783,0.0011381163,0,1
2784,0.00018666529,0,1
2785,0.0016611652,0,1
2786,0.0010875983,0,1
2787,0.00029223794,0,1
2788,0.00052587985,0,1
2789,0.0004521723,0,1
2790,0.00033858867,0,1
2791,0.0013517491,0,1
2792,0.0005394423,0,1
2793,0.0007384723,0,1
2794,0.0039275982,1,1
2795,0.0007166816,0,1
2796,0.00032767578,0,1
2797,0.00029404747,0,1
2798,0.0004935998,0,1
2799,0.0011683968,0,1
2800,0.00091896567,0,1
2801,0.00016695123,0,1
2802,0.0002688056,0,1
2803,0.00020150794,0,1
2804,0.00023083613,0,1
2805,0.00018491206,0,1
2806,0.0008156124,0,1
2807,0.00035126205,0,1
2808,0.00024049847,0,1
2809,0.0005707301,0,1
2810,0.00040825695,0,1
2811,0.00033609523,0,1
2812,0.0027382495,0,1
2813,0.0002571384,0,1
2814,0.0009230465,0,1
2815,0.0007888654,0,1
2816,0.0020359047,0,1
2817,0.00022684984,0,1
2818,0.00017627586,0,1
2819,0.00025301945,0,1
2820,0.0006645532,0,1
2821,0.0002366721,0,1
2822,0.00025975498,0,1
2823,0.0009017404,0,1
2824,0.0005103469,0,1
2825,9.226319e-05,0,0
2826,0.0006192216,0,1
2827,0.00035098416,0,1
2828,7.0610724e-05,0,0
2829,0.00013596045,1,1
2830,0.00010645803,0,1
2831,0.000979261,0,1
2832,0.00048271558,0,1
2833,0.00014446082,0,1
2834,0.00013899349,0,1
2835,0.001139135,0,1
2836,0.00042959687,0,1
2837,0.0003536436,0,1
2838,0.00058544346,0,1
2839,0.0010962794,0,1
2840,0.00028296863,0,1
2841,0.0014167532,0,1
2842,0.0027428078,0,1
2843,0.00027753253,0,1
2844,0.00033593958,0,1
2845,0.00022001418,0,1
2846,0.0005256693,1,1
2847,0.00015831589,0,1
2848,0.00017559863,0,1
2849,0.00019690735,0,1
2850,0.0011478927,0,1
2851,0.0005429359,0,1
2852,0.000109663866,0,1
2853,0.00089585735,0,1
2854,0.00039201524,0,1
2855,0.0005087588,0,1
2856,0.0010333697,0,1
2857,0.0002860287,0,1
2858,0.0002192461,0,1
2859,0.0002857832,0,1
2860,0.0016877153,0,1
2861,0.0006087572,0,1
2862,0.00020994515,0,1
2863,0.00018593416,0,1
2864,0.0004454481,0,1
2865,0.00088708685,0,1
2866,0.0001788782,0,1
2867,0.00014014289,0,1
2868,0.00019598461,0,1
2869,0.00023688091,0,1
2870,0.0003988964,0,1
2871,0.00096202764,0,1
2872,0.0001410692,0,1
2873,0.00026625497,0,1
2874,0.00054684235,0,1
2875,0.0002307749,0,1
2876,0.0004227621,0,1
2877,0.000540292,0,1
2878,0.00048366096,0,1
2879,0.0002828724,0,1
2880,0.0012120658,0,1
2881,0.00016460146,0,1
2882,0.0001911027,0,1
2883,0.00016042,0,1
2884,0.0014305892,0,1
2885,0.0012693857,0,1
2886,0.0008215093,0,1
2887,0.00096761074,0,1
2888,0.00011130477,0,1
2889,0.00024519736,0,1
2890,0.00043037668,0,1
2891,0.00021040539,0,1
2892,0.0005714912,0,1
2893,0.00022976249,0,1
2894,0.00022841383,0,1
2895,0.0006476086,0,1
2896,0.0006618451,0,1
2897,0.00012098107,0,1
2898,0.0007685239,0,1
2899,0.00034320442,0,1
2900,0.00017756695,0,1
2901,0.00018988492,0,1
2902,0.0003899489,0,1
2903,0.0004276659,0,1
2904,0.0018738714,1,1
2905,0.00017531577,0,1
2906,7.941932e-05,0,0
2907,0.00030548195,0,1
2908,0.0040501542,1,1
2909,0.00019326863,0,1
2910,0.00021778146,0,1
2911,0.00050953886,0,1
2912,0.0009035295,0,1
2913,0.00043319262,0,1
2914,0.00031170738,0,1
2915,0.00015511177,0,1
2916,0.0008559803,0,1
2917,0.00077696826,0,1
2918,0.0006759875,0,1
2919,0.0021229247,0,1
2920,0.0011068673,0,1
2921,0.00029208465,0,1
2922,0.0003964533,0,1
2923,0.0017279761,0,1
2924,0.00018537373,0,1
2925,0.001487903,0,1
2926,0.0004736962,0,1
2927,0.00018528805,0,1
2928,0.0007786105,0,1
2929,0.00021549137,0,1
2930,0.00033649377,0,1
2931,0.00017978236,0,1
2932,0.0004250033,0,1
2933,0.00026638832,0,1
2934,0.0007891087,0,1
2935,0.0005659289,0,1
2936,0.00031470676,0,1
2937,0.0005567303,0,1
2938,0.0012954264,0,1
2939,0.00019384692,0,1
2940,0.00016747763,0,1
2941,0.00032429892,0,1
2942,0.00029834747,0,1
2943,0.00025309046,0,1
2944,0.0002634166,0,1
2945,0.0008402922,0,1
2946,6.034196e-05,0,0
2947,0.00041144548,0,1
2948,0.0015946662,0,1
2949,0.00051326223,0,1
2950,0.00015315163,0,1
2951,0.0019060812,0,1
2952,0.0007420541,0,1
2953,0.00027286937,0,1
2954,0.0006349067,0,1
2955,0.00035633318,0,1
2956,0.0006957133,0,1
2957,0.00066136103,0,1
2958,0.0005752765,0,1
2959,0.00010978201,0,1
2960,7.104598e-05,0,0
2961,0.0002930254,0,1
2962,0.0014365702,0,1
2963,0.0004507752,0,1
2964,0.0008606396,0,1
2965,0.0005615375,0,1
2966,0.0002602316,0,1
2967,0.00014402451,0,1
2968,0.0002868658,0,1
2969,0.00029185752,0,1
2970,0.00037745992,0,1
2971,0.0014861564,0,1
2972,0.00041383546,0,1
2973,0.00040925818,0,1
2974,0.002425571,0,1
2975,0.0005148304,0,1
2976,0.00013561317,0,1
2977,0.0005941175,0,1
2978,0.0006287919,0,1
2979,0.00013659016,0,1
2980,0.00035321305,0,1
2981,0.00039340366,0,1
2982,0.00017027989,0,1
2983,0.00017843477,0,1
2984,0.00054514717,0,1
2985,0.0005777604,0,1
2986,0.0012634742,0,1
2987,0.0013191282,1,1
2988,0.00054387504,0,1
2989,0.00071168714,0,1
2990,0.00027616858,0,1
2991,0.00062503514,0,1
2992,0.0001457968,0,1
2993,7.578432e-05,0,0
2994,0.0011920551,1,1
2995,0.00017839871,0,1
2996,0.00030291907,0,1
2997,0.00089271524,0,1
2998,0.00024466164,0,1
2999,0.0010256486,0,1
3000,0.0002153168,0,1
3001,0.00051341264,0,1
3002,6.7761364e-05,0,0
3003,0.00024329903,0,1
3004,0.00020095661,0,1
3005,0.0005554196,0,1
3006,0.00030570375,0,1
3007,0.00026372564,0,1
3008,0.0008770566,0,1
3009,0.00019052773,0,1
3010,0.00027047287,0,1
3011,0.0009574638,0,1
3012,0.0003155027,0,1
3013,0.00013478458,0,1
3014,0.0002941831,0,1
3015,0.00016054875,0,1
3016,0.0015072813,0,1
3017,0.0009318346,0,1
3018,0.0003558842,0,1
3019,0.00031144003,0,1
3020,0.0007463423,0,1
3021,0.0005542764,0,1
3022,0.00021497902,0,1
3023,0.0003104244,0,1
3024,0.0010208804,0,1
3025,0.00023274182,0,1
3026,0.0004895698,0,1
3027,0.0007796212,0,1
3028,0.0006325303,0,1
3029,0.00023722375,0,1
3030,0.00017027445,0,1
3031,0.00068797794,0,1
3032,0.00027079042,0,1
3033,0.000472848,0,1
3034,0.00023717218,0,1
3035,0.0005469414,0,1
3036,0.00024048958,0,1
3037,0.00014895096,0,1
3038,0.00013173258,0,1
3039,0.0011914038,0,1
3040,0.0016250948,0,1
3041,0.0006442422,0,1
3042,0.00022032531,0,1
3043,6.3795334e-05,0,0
3044,0.0001838037,0,1
3045,0.00033270437,0,1
3046,0.00023984468,0,1
3047,0.00045571793,0,1
3048,0.0020533754,0,1
3049,0.00064252375,0,1
3050,0.00071119645,0,1
3051,0.00034042515,0,1
3052,8.549086e-05,0,0
3053,0.00051985943,0,1
3054,0.00037989143,0,1
3055,0.00020661886,0,1
3056,0.0003867767,0,1
3057,0.00032066452,0,1
3058,0.00014596144,0,1
3059,0.0005240094,0,1
3060,0.0006239801,0,1
3061,0.0003550094,0,1
3062,0.0014101958,0,1
3063,0.00017324771,0,1
3064,0.0005236821,0,1
3065,0.0007168511,0,1
3066,0.00048061303,0,1
3067,0.0005482901,0,1
3068,0.0010778182,0,1
3069,0.0007390514,1,1
3070,0.00016154809,0,1
3071,0.0057863872,1,1
3072,0.0011666382,0,1
3073,0.0001772281,0,1
3074,0.00024512576,0,1
3075,0.001321663,0,1
3076,0.00051972293,1,1
3077,0.00015992728,0,1
3078,0.001343113,0,1
3079,0.0005770808,0,1
3080,0.0007128229,1,1
3081,0.0016494612,1,1
3082,0.00015740881,0,1
3083,0.0005961573,0,1
3084,0.00020984357,0,1
3085,0.0002645587,0,1
3086,0.00067032897,0,1
3087,0.001502416,0,1
3088,0.00026561064,0,1
3089,0.000575387,0,1
3090,0.00038590698,0,1
3091,0.0006782422,0,1
3092,0.00050089194,0,1
3093,0.00012109056,0,1
3094,0.0003683291,0,1
3095,0.000133415,0,1
3096,0.00027651107,0,1
3097,0.0015256936,0,1
3098,0.0006702833,0,1
3099,0.00011854328,0,1
3100,0.00015908084,0,1
3101,0.002232223,0,1
3102,0.0004027566,0,1
3103,0.00014546342,0,1
3104,0.0025899378,0,1
3105,0.0004826779,0,1
3106,0.00037240528,0,1
3107,8.296367e-05,0,0
3108,0.00021198795,0,1
3109,0.00060100714,0,1
3110,0.00082990853,0,1
3111,0.00046082295,0,1
3112,0.00023764445,0,1
3113,0.0006226243,0,1
3114,0.0008024993,0,1
3115,0.00019927078,0,1
3116,0.000450662,0,1
3117,0.00052775047,0,1
3118,0.00028911678,0,1
3119,0.0006233299,0,1
3120,0.00019316707,0,1
3121,0.0033399945,0,1
3122,0.00036405062,0,1
3123,0.0008653299,0,1
3124,0.00043680728,1,1
3125,0.0005471802,0,1
3126,0.000808435,0,1
3127,0.0005776599,0,1
3128,0.00036220235,0,1
3129,0.0002620475,0,1
3130,0.00031670305,0,1
3131,9.765016e-05,0,1
3132,0.0021195079,0,1
3133,0.00047892006,0,1
3134,0.00020018229,0,1
3135,0.00061738066,0,1
3136,0.0014828485,0,1
3137,0.0005500094,0,1
3138,9.295938e-05,0,0
3139,0.001333986,0,1
3140,0.0016102551,1,1
3141,0.00019065742,0,1
3142,0.001929045,0,1
3143,0.00013537446,0,1
3144,0.00077151693,0,1
3145,0.00014933068,0,1
3146,0.00023327582,0,1
3147,0.00020107852,0,1
3148,0.002352388,0,1
3149,0.0009852911,0,1
3150,0.0002007682,0,1
3151,0.0005800993,0,1
3152,0.0007965483,0,1
3153,0.00017486689,0,1
3154,0.0013639668,0,1
3155,0.00057985925,0,1
3156,0.001973906,0,1
3157,0.00096310576,0,1
3158,0.00043173172,0,1
3159,0.0002907404,0,1
3160,0.0002700865,0,1
3161,0.000261831,0,1
3162,0.000902471,0,1
3163,0.00013882533,0,1
3164,8.417282e-05,0,0
3165,0.00033031616,0,1
3166,0.00010558331,0,1
3167,0.0004872385,0,1
3168,0.0008135432,0,1
3169,0.00021485183,0,1
3170,0.0020238678,1,1
3171,0.001390114,0,1
3172,0.00035321945,0,1
3173,0.00015849489,0,1
3174,0.00073593226,0,1
3175,0.00026727654,0,1
3176,0.00027083253,0,1
3177,0.00018300975,0,1
3178,0.00381066,0,1
3179,0.00075395976,0,1
3180,0.0010478422,0,1
3181,0.00034266344,0,1
3182,0.001516825,0,1
3183,0.0007741451,0,1
3184,0.0007653716,0,1
3185,0.00012535819,0,1
3186,0.00044771383,0,1
3187,0.00028243446,0,1
3188,0.00048620207,0,1
3189,0.000461744,0,1
3190,0.00049240456,0,1
3191,0.00040522404,0,1
3192,0.00018328815,0,1
3193,0.00039562883,0,1
3194,0.00018186425,0,1
3195,0.00022808948,0,1
3196,0.0011651859,0,1
3197,0.00014308793,0,1
3198,0.00042934035,1,1
3199,0.00017759073,0,1
3200,6.6367e-05,0,0
3201,0.0010064688,0,1
3202,0.0005150496,0,1
3203,0.00029131328,0,1
3204,8.512071e-05,0,0
3205,0.00013480432,0,1
3206,0.00093161146,0,1
3207,0.0004452932,0,1
3208,0.00043844088,0,1
3209,0.00041470258,0,1
3210,0.000606804,0,1
3211,0.00051949965,0,1
3212,0.00011931192,0,1
3213,0.00027353532,0,1
3214,0.0003856593,0,1
3215,0.00021982513,0,1
3216,0.0042665415,1,1
3217,0.00031469285,0,1
3218,0.00056961307,0,1
3219,0.0003030217,0,1
3220,0.0011271269,0,1
3221,0.0004324569,0,1
3222,0.00056757685,0,1
3223,0.00018222298,0,1
3224,0.00079541793,0,1
3225,0.00017432138,0,1
3226,0.00019708028,0,1
3227,0.0011516489,0,1
3228,0.0015648137,0,1
3229,0.00021789431,0,1
3230,0.00056893076,0,1
3231,0.0002654012,0,1
3232,0.00034085894,0,1
3233,0.0002250121,0,1
3234,0.00028365542,0,1
3235,0.00015845174,0,1
3236,0.00029273995,0,1
3237,0.00045723066,0,1
3238,0.0003715096,0,1
3239,0.001676284,0,1
3240,0.00028636522,0,1
3241,0.001734417,0,1
3242,0.0006364303,0,1
3243,0.00028733723,0,1
3244,0.00029672633,0,1
3245,0.0006452818,0,1
3246,0.0005752815,0,1
3247,0.00082511397,0,1
3248,0.00011037622,0,1
3249,0.00016991899,0,1
3250,0.00044583465,0,1
3251,0.00063197286,0,1
3252,0.0011244619,0,1
3253,0.000118002325,0,1
3254,0.00026015146,0,1
3255,0.00038447362,0,1
3256,0.0012007288,0,1
3257,0.0013178231,0,1
3258,0.00025012362,0,1
3259,0.00060750043,1,1
3260,0.00042464893,0,1
3261,0.00011541854,1,1
3262,0.00033172828,0,1
3263,0.00040285714,0,1
3264,0.000404971,0,1
3265,0.00017130296,0,1
3266,0.00024714626,0,1
3267,0.00011775149,0,1
3268,0.00012980776,0,1
3269,0.0002357073,0,1
3270,0.00016779582,0,1
3271,0.0036169086,0,1
3272,0.00049311446,0,1
3273,0.0003171186,0,1
3274,0.0004117008,0,1
3275,0.00025624505,0,1
3276,0.0002063064,0,1
3277,0.00074894854,0,1
3278,0.000745009,0,1
3279,0.00017302338,0,1
3280,0.0008295842,0,1
3281,0.0012020881,0,1
3282,0.00047201314,0,1
3283,0.00072984,0,1
3284,0.00037207955,0,1
3285,0.000753614,0,1
3286,0.0002668723,0,1
3287,0.00014771479,0,1
3288,0.00045730983,0,1
3289,0.00033060845,0,1
3290,0.00035711023,0,1
3291,0.00015027977,0,1
3292,0.00038102665,0,1
3293,0.0025590488,0,1
3294,0.0007340991,0,1
3295,0.00060333114,0,1
3296,0.00023511214,0,1
3297,0.0006999768,0,1
3298,0.00041796456,0,1
3299,0.00051010144,0,1
3300,0.0007491574,0,1
3301,0.00069049094,0,1
3302,0.0010004569,0,1
3303,0.00064729864,0,1
3304,0.0017373012,0,1
3305,0.00015920118,0,1
3306,9.657236e-05,0,0
3307,0.00025235544,0,1
3308,0.0004204478,0,1
3309,0.0005199059,0,1
3310,0.00054266845,0,1
3311,0.00023669156,0,1
3312,0.00060744525,0,1
3313,0.00033534755,0,1
3314,0.00015381523,0,1
3315,0.00025483032,0,1
3316,0.00013467665,0,1
3317,0.0007846897,0,1
3318,0.00042301993,0,1
3319,0.0005496296,0,1
3320,0.0003275213,0,1
3321,0.0004017857,0,1
3322,0.00020643024,0,1
3323,0.0005856063,0,1
3324,0.00096773444,0,1
3325,0.00044115886,1,1
3326,0.003401056,0,1
3327,0.0004135592,0,1
3328,0.00030750936,0,1
3329,0.0002586773,0,1
3330,0.000903012,0,1
3331,0.0013195619,0,1
3332,0.00037892285,0,1
3333,0.00014849812,0,1
3334,0.00034777072,0,1
3335,0.00013317337,0,1
3336,0.0002690961,0,1
3337,0.0007296986,0,1
3338,0.00030640909,0,1
3339,0.0005157392,0,1
3340,0.00022650612,0,1
3341,0.000113301445,0,1
3342,0.001044846,0,1
3343,0.00018219177,0,1
3344,0.00058117835,0,1
3345,0.0005507199,0,1
3346,7.6107666e-05,0,0
3347,9.814208e-05,0,1
3348,0.00011097429,0,1
3349,0.0008550192,0,1
3350,0.00038342967,0,1
3351,0.0023100635,0,1
3352,0.00087579736,0,1
3353,0.00032146787,0,1
3354,0.0004526219,0,1
3355,0.00054340716,0,1
3356,0.001085517,0,1
3357,0.00085839117,0,1
3358,0.00048640254,0,1
3359,0.000782939,0,1
3360,0.0003501691,0,1
3361,0.00020912272,1,1
3362,0.0005246516,0,1
3363,0.0002862346,1,1
3364,0.00024573968,0,1
3365,0.0002420129,0,1
3366,0.002140214,0,1
3367,0.00067808223,0,1
3368,0.00013322828,0,1
3369,0.00063696096,0,1
3370,0.00062660594,0,1
3371,0.00018677973,0,1
3372,0.0003968514,0,1
3373,0.0005445245,0,1
3374,0.00082730263,1,1
3375,0.0003981297,0,1
3376,0.00021837125,0,1
3377,0.00038149033,0,1
3378,0.00025225407,0,1
3379,0.000120481505,0,1
3380,0.00015280861,0,1
3381,0.0002500532,0,1
3382,0.00064018613,0,1
3383,0.00068574224,0,1
3384,0.0005257313,0,1
3385,0.00012593948,0,1
3386,0.00012229757,0,1
3387,0.0002621475,0,1
3388,0.00020965282,0,1
3389,0.0002062086,0,1
3390,0.0003597032,0,1
3391,0.00024940877,0,1
3392,0.0005192148,0,1
3393,0.0013375937,1,1
3394,0.0011350581,0,1
3395,0.00017681252,0,1
3396,0.00025383165,0,1
3397,0.00071762304,0,1
3398,0.0008988509,0,1
3399,0.0008439738,0,1
3400,0.00010158002,0,1
3401,0.00022474375,0,1
3402,0.00033193862,0,1
3403,0.0012558814,0,1
3404,0.00046445234,0,1
3405,9.649694e-05,0,0
3406,0.00010349146,0,1
3407,0.0003757428,0,1
3408,0.00086912164,0,1
3409,0.00026044901,0,1
3410,0.00017292998,0,1
3411,0.00033090444,0,1
3412,0.00019897164,0,1
3413,0.0047463086,1,1
3414,0.00049083,0,1
3415,0.00043175323,0,1
3416,0.00023231181,0,1
3417,0.00083947834,0,1
3418,0.0001201745,1,1
3419,0.00045984774,0,1
3420,0.00019074747,0,1
3421,0.001351804,0,1
3422,0.00067565916,0,1
